1690304251.331009,s1-eth5,0.00,0.00,0.00,0,0,0.00,0.00,0.00,0,0,0.00,0.00,0,0
1690304251.331621,s7-eth6,0.00,0.00,0.00,0,0,0.00,0.00,0.00,0,0,0.00,0.00,0,0
1690304251.331639,e2-eth2,0.00,0.00,0.00,0,0,0.00,0.00,0.00,0,0,0.00,0.00,0,0
1690304251.331649,s3-eth2,0.00,0.00,0.00,0,0,0.00,0.00,0.00,0,0,0.00,0.00,0,0
1690304251.331654,e1-eth1,0.00,0.00,0.00,0,0,0.00,0.00,0.00,0,0,0.00,0.00,0,0
1690304251.331659,s1-eth2,0.00,0.00,0.00,0,0,0.00,0.00,0.00,0,0,0.00,0.00,0,0
1690304251.331681,s7-eth3,0.00,0.00,0.00,0,0,0.00,0.00,0.00,0,0,0.00,0.00,0,0
1690304251.331685,s6-eth1,0.00,0.00,0.00,0,0,0.00,0.00,0.00,0,0,0.00,0.00,0,0
1690304251.331690,s1-eth6,0.00,0.00,0.00,0,0,0.00,0.00,0.00,0,0,0.00,0.00,0,0
1690304251.331694,s4-eth1,0.00,0.00,0.00,0,0,0.00,0.00,0.00,0,0,0.00,0.00,0,0
1690304251.331701,e1-eth2,0.00,0.00,0.00,0,0,0.00,0.00,0.00,0,0,0.00,0.00,0,0
1690304251.331705,s1-eth3,0.00,0.00,0.00,0,0,0.00,0.00,0.00,0,0,0.00,0.00,0,0
1690304251.331709,s7-eth4,0.00,0.00,0.00,0,0,0.00,0.00,0.00,0,0,0.00,0.00,0,0
1690304251.331713,lo,0.00,0.00,0.00,0,0,0.00,0.00,0.00,0,0,0.00,0.00,0,0
1690304251.331732,s6-eth2,0.00,0.00,0.00,0,0,0.00,0.00,0.00,0,0,0.00,0.00,0,0
1690304251.331736,s4-eth2,0.00,0.00,0.00,0,0,0.00,0.00,0.00,0,0,0.00,0.00,0,0
1690304251.331740,s2-eth1,0.00,0.00,0.00,0,0,0.00,0.00,0.00,0,0,0.00,0.00,0,0
1690304251.331744,eth0,0.00,0.00,0.00,0,0,0.00,0.00,0.00,0,0,0.00,0.00,0,0
1690304251.331749,s5-eth1,0.00,0.00,0.00,0,0,0.00,0.00,0.00,0,0,0.00,0.00,0,0
1690304251.331754,s7-eth1,0.00,0.00,0.00,0,0,0.00,0.00,0.00,0,0,0.00,0.00,0,0
1690304251.331758,s1-eth4,0.00,0.00,0.00,0,0,0.00,0.00,0.00,0,0,0.00,0.00,0,0
1690304251.331762,s7-eth5,0.00,0.00,0.00,0,0,0.00,0.00,0.00,0,0,0.00,0.00,0,0
1690304251.331766,e2-eth1,0.00,0.00,0.00,0,0,0.00,0.00,0.00,0,0,0.00,0.00,0,0
1690304251.331776,s3-eth1,0.00,0.00,0.00,0,0,0.00,0.00,0.00,0,0,0.00,0.00,0,0
1690304251.331780,s2-eth2,0.00,0.00,0.00,0,0,0.00,0.00,0.00,0,0,0.00,0.00,0,0
1690304251.331784,s1-eth1,0.00,0.00,0.00,0,0,0.00,0.00,0.00,0,0,0.00,0.00,0,0
1690304251.331788,s5-eth2,0.00,0.00,0.00,0,0,0.00,0.00,0.00,0,0,0.00,0.00,0,0
1690304251.331792,s7-eth2,0.00,0.00,0.00,0,0,0.00,0.00,0.00,0,0,0.00,0.00,0,0
1690304251.331795,total,0.00,0.00,0.00,0,0,0.00,0.00,0.00,0,0,0.00,0.00,0,0
1690304252.332673,s1-eth5,0.00,137.86,137.86,138,0,0.00,1.00,1.00,1,0,0.00,0.00,0,0
1690304252.332702,s7-eth6,0.00,0.00,0.00,0,0,0.00,0.00,0.00,0,0,0.00,0.00,0,0
1690304252.332707,e2-eth2,137.86,137.86,275.72,138,138,1.00,1.00,2.00,1,1,0.00,0.00,0,0
1690304252.332712,s3-eth2,137.86,0.00,137.86,0,138,1.00,0.00,1.00,0,1,0.00,0.00,0,0
1690304252.332716,e1-eth1,97.90,97.90,195.80,98,98,1.00,1.00,2.00,1,1,0.00,0.00,0,0
1690304252.332723,s1-eth2,0.00,0.00,0.00,0,0,0.00,0.00,0.00,0,0,0.00,0.00,0,0
1690304252.332740,s7-eth3,0.00,137.86,137.86,138,0,0.00,1.00,1.00,1,0,0.00,0.00,0,0
1690304252.332744,s6-eth1,0.00,0.00,0.00,0,0,0.00,0.00,0.00,0,0,0.00,0.00,0,0
1690304252.332748,s1-eth6,0.00,0.00,0.00,0,0,0.00,0.00,0.00,0,0,0.00,0.00,0,0
1690304252.332751,s4-eth1,0.00,0.00,0.00,0,0,0.00,0.00,0.00,0,0,0.00,0.00,0,0
1690304252.332755,e1-eth2,137.86,137.86,275.72,138,138,1.00,1.00,2.00,1,1,0.00,0.00,0,0
1690304252.332758,s1-eth3,137.86,0.00,137.86,0,138,1.00,0.00,1.00,0,1,0.00,0.00,0,0
1690304252.332762,s7-eth4,0.00,0.00,0.00,0,0,0.00,0.00,0.00,0,0,0.00,0.00,0,0
1690304252.332766,lo,3515.48,3515.48,7030.97,3519,3519,53.95,53.95,107.89,54,54,0.00,0.00,0,0
1690304252.332783,s6-eth2,0.00,0.00,0.00,0,0,0.00,0.00,0.00,0,0,0.00,0.00,0,0
1690304252.332787,s4-eth2,0.00,0.00,0.00,0,0,0.00,0.00,0.00,0,0,0.00,0.00,0,0
1690304252.332790,s2-eth1,0.00,0.00,0.00,0,0,0.00,0.00,0.00,0,0,0.00,0.00,0,0
1690304252.332794,eth0,65.93,65.93,131.87,66,66,1.00,1.00,2.00,1,1,0.00,0.00,0,0
1690304252.332798,s5-eth1,137.86,0.00,137.86,0,138,1.00,0.00,1.00,0,1,0.00,0.00,0,0
1690304252.332802,s7-eth1,137.86,137.86,275.72,138,138,1.00,1.00,2.00,1,1,0.00,0.00,0,0
1690304252.332806,s1-eth4,0.00,0.00,0.00,0,0,0.00,0.00,0.00,0,0,0.00,0.00,0,0
1690304252.332809,s7-eth5,137.86,0.00,137.86,0,138,1.00,0.00,1.00,0,1,0.00,0.00,0,0
1690304252.332813,e2-eth1,97.90,97.90,195.80,98,98,1.00,1.00,2.00,1,1,0.00,0.00,0,0
1690304252.332831,s3-eth1,0.00,137.86,137.86,138,0,0.00,1.00,1.00,1,0,0.00,0.00,0,0
1690304252.332835,s2-eth2,0.00,0.00,0.00,0,0,0.00,0.00,0.00,0,0,0.00,0.00,0,0
1690304252.332839,s1-eth1,137.86,137.86,275.72,138,138,1.00,1.00,2.00,1,1,0.00,0.00,0,0
1690304252.332842,s5-eth2,0.00,137.86,137.86,138,0,0.00,1.00,1.00,1,0,0.00,0.00,0,0
1690304252.332846,s7-eth2,0.00,0.00,0.00,0,0,0.00,0.00,0.00,0,0,0.00,0.00,0,0
1690304252.332851,total,4880.12,4880.12,9760.24,4885,4885,64.94,64.94,129.87,65,65,0.00,0.00,0,0
1690304253.334720,s1-eth5,0.00,137.72,137.72,138,0,0.00,1.00,1.00,1,0,0.00,0.00,0,0
1690304253.334760,s7-eth6,0.00,137.72,137.72,138,0,0.00,1.00,1.00,1,0,0.00,0.00,0,0
1690304253.334767,e2-eth2,137.72,137.72,275.45,138,138,1.00,1.00,2.00,1,1,0.00,0.00,0,0
1690304253.334773,s3-eth2,0.00,0.00,0.00,0,0,0.00,0.00,0.00,0,0,0.00,0.00,0,0
1690304253.334779,e1-eth1,97.80,97.80,195.61,98,98,1.00,1.00,2.00,1,1,0.00,0.00,0,0
1690304253.334785,s1-eth2,0.00,0.00,0.00,0,0,0.00,0.00,0.00,0,0,0.00,0.00,0,0
1690304253.334807,s7-eth3,0.00,0.00,0.00,0,0,0.00,0.00,0.00,0,0,0.00,0.00,0,0
1690304253.334813,s6-eth1,0.00,137.72,137.72,138,0,0.00,1.00,1.00,1,0,0.00,0.00,0,0
1690304253.334819,s1-eth6,137.72,0.00,137.72,0,138,1.00,0.00,1.00,0,1,0.00,0.00,0,0
1690304253.334824,s4-eth1,0.00,0.00,0.00,0,0,0.00,0.00,0.00,0,0,0.00,0.00,0,0
1690304253.334830,e1-eth2,137.72,137.72,275.45,138,138,1.00,1.00,2.00,1,1,0.00,0.00,0,0
1690304253.334835,s1-eth3,0.00,0.00,0.00,0,0,0.00,0.00,0.00,0,0,0.00,0.00,0,0
1690304253.334840,s7-eth4,0.00,0.00,0.00,0,0,0.00,0.00,0.00,0,0,0.00,0.00,0,0
1690304253.334846,lo,47432.14,47432.14,94864.27,47527,47527,89.82,89.82,179.64,90,90,0.00,0.00,0,0
1690304253.334870,s6-eth2,137.72,0.00,137.72,0,138,1.00,0.00,1.00,0,1,0.00,0.00,0,0
1690304253.334876,s4-eth2,0.00,0.00,0.00,0,0,0.00,0.00,0.00,0,0,0.00,0.00,0,0
1690304253.334882,s2-eth1,0.00,0.00,0.00,0,0,0.00,0.00,0.00,0,0,0.00,0.00,0,0
1690304253.334887,eth0,0.00,59.88,59.88,60,0,0.00,1.00,1.00,1,0,0.00,0.00,0,0
1690304253.334893,s5-eth1,137.72,0.00,137.72,0,138,1.00,0.00,1.00,0,1,0.00,0.00,0,0
1690304253.334899,s7-eth1,137.72,137.72,275.45,138,138,1.00,1.00,2.00,1,1,0.00,0.00,0,0
1690304253.334904,s1-eth4,0.00,0.00,0.00,0,0,0.00,0.00,0.00,0,0,0.00,0.00,0,0
1690304253.334910,s7-eth5,137.72,0.00,137.72,0,138,1.00,0.00,1.00,0,1,0.00,0.00,0,0
1690304253.334915,e2-eth1,97.80,97.80,195.61,98,98,1.00,1.00,2.00,1,1,0.00,0.00,0,0
1690304253.334939,s3-eth1,0.00,0.00,0.00,0,0,0.00,0.00,0.00,0,0,0.00,0.00,0,0
1690304253.334945,s2-eth2,0.00,0.00,0.00,0,0,0.00,0.00,0.00,0,0,0.00,0.00,0,0
1690304253.334950,s1-eth1,137.72,137.72,275.45,138,138,1.00,1.00,2.00,1,1,0.00,0.00,0,0
1690304253.334956,s5-eth2,0.00,137.72,137.72,138,0,0.00,1.00,1.00,1,0,0.00,0.00,0,0
1690304253.334962,s7-eth2,0.00,0.00,0.00,0,0,0.00,0.00,0.00,0,0,0.00,0.00,0,0
1690304253.334966,total,48729.54,48789.42,97518.96,48887,48827,99.80,100.80,200.60,101,100,0.00,0.00,0,0
1690304254.335809,s1-eth5,0.00,0.00,0.00,0,0,0.00,0.00,0.00,0,0,0.00,0.00,0,0
1690304254.335845,s7-eth6,0.00,0.00,0.00,0,0,0.00,0.00,0.00,0,0,0.00,0.00,0,0
1690304254.335851,e2-eth2,137.86,137.86,275.72,138,138,1.00,1.00,2.00,1,1,0.00,0.00,0,0
1690304254.335857,s3-eth2,0.00,0.00,0.00,0,0,0.00,0.00,0.00,0,0,0.00,0.00,0,0
1690304254.335862,e1-eth1,97.90,97.90,195.80,98,98,1.00,1.00,2.00,1,1,0.00,0.00,0,0
1690304254.335867,s1-eth2,137.86,137.86,275.72,138,138,1.00,1.00,2.00,1,1,0.00,0.00,0,0
1690304254.335889,s7-eth3,0.00,0.00,0.00,0,0,0.00,0.00,0.00,0,0,0.00,0.00,0,0
1690304254.335894,s6-eth1,0.00,0.00,0.00,0,0,0.00,0.00,0.00,0,0,0.00,0.00,0,0
1690304254.335899,s1-eth6,0.00,0.00,0.00,0,0,0.00,0.00,0.00,0,0,0.00,0.00,0,0
1690304254.335903,s4-eth1,0.00,0.00,0.00,0,0,0.00,0.00,0.00,0,0,0.00,0.00,0,0
1690304254.335908,e1-eth2,137.86,137.86,275.72,138,138,1.00,1.00,2.00,1,1,0.00,0.00,0,0
1690304254.335913,s1-eth3,0.00,0.00,0.00,0,0,0.00,0.00,0.00,0,0,0.00,0.00,0,0
1690304254.335918,s7-eth4,0.00,0.00,0.00,0,0,0.00,0.00,0.00,0,0,0.00,0.00,0,0
1690304254.335923,lo,3515.48,3515.48,7030.97,3519,3519,53.95,53.95,107.89,54,54,0.00,0.00,0,0
1690304254.335957,s6-eth2,0.00,0.00,0.00,0,0,0.00,0.00,0.00,0,0,0.00,0.00,0,0
1690304254.335961,s4-eth2,0.00,0.00,0.00,0,0,0.00,0.00,0.00,0,0,0.00,0.00,0,0
1690304254.335966,s2-eth1,137.86,137.86,275.72,138,138,1.00,1.00,2.00,1,1,0.00,0.00,0,0
1690304254.335978,eth0,0.00,0.00,0.00,0,0,0.00,0.00,0.00,0,0,0.00,0.00,0,0
1690304254.335983,s5-eth1,0.00,0.00,0.00,0,0,0.00,0.00,0.00,0,0,0.00,0.00,0,0
1690304254.335987,s7-eth1,137.86,137.86,275.72,138,138,1.00,1.00,2.00,1,1,0.00,0.00,0,0
1690304254.335992,s1-eth4,0.00,0.00,0.00,0,0,0.00,0.00,0.00,0,0,0.00,0.00,0,0
1690304254.335997,s7-eth5,0.00,0.00,0.00,0,0,0.00,0.00,0.00,0,0,0.00,0.00,0,0
1690304254.336001,e2-eth1,97.90,97.90,195.80,98,98,1.00,1.00,2.00,1,1,0.00,0.00,0,0
1690304254.336013,s3-eth1,0.00,0.00,0.00,0,0,0.00,0.00,0.00,0,0,0.00,0.00,0,0
1690304254.336018,s2-eth2,137.86,137.86,275.72,138,138,1.00,1.00,2.00,1,1,0.00,0.00,0,0
1690304254.336023,s1-eth1,137.86,137.86,275.72,138,138,1.00,1.00,2.00,1,1,0.00,0.00,0,0
1690304254.336028,s5-eth2,0.00,0.00,0.00,0,0,0.00,0.00,0.00,0,0,0.00,0.00,0,0
1690304254.336033,s7-eth2,137.86,137.86,275.72,138,138,1.00,1.00,2.00,1,1,0.00,0.00,0,0
1690304254.336037,total,4814.19,4814.19,9628.37,4819,4819,63.94,63.94,127.87,64,64,0.00,0.00,0,0
1690304255.344651,s1-eth5,0.00,0.00,0.00,0,0,0.00,0.00,0.00,0,0,0.00,0.00,0,0
1690304255.344711,s7-eth6,136.90,0.00,136.90,0,138,0.99,0.00,0.99,0,1,0.00,0.00,0,0
1690304255.344729,e2-eth2,136.90,136.90,273.81,138,138,0.99,0.99,1.98,1,1,0.00,0.00,0,0
1690304255.344744,s3-eth2,136.90,0.00,136.90,0,138,0.99,0.00,0.99,0,1,0.00,0.00,0,0
1690304255.344757,e1-eth1,97.22,97.22,194.44,98,98,0.99,0.99,1.98,1,1,0.00,0.00,0,0
1690304255.344771,s1-eth2,0.00,0.00,0.00,0,0,0.00,0.00,0.00,0,0,0.00,0.00,0,0
1690304255.344821,s7-eth3,0.00,136.90,136.90,138,0,0.00,0.99,0.99,1,0,0.00,0.00,0,0
1690304255.344834,s6-eth1,136.90,0.00,136.90,0,138,0.99,0.00,0.99,0,1,0.00,0.00,0,0
1690304255.344847,s1-eth6,0.00,136.90,136.90,138,0,0.00,0.99,0.99,1,0,0.00,0.00,0,0
1690304255.344860,s4-eth1,0.00,0.00,0.00,0,0,0.00,0.00,0.00,0,0,0.00,0.00,0,0
1690304255.344873,e1-eth2,136.90,136.90,273.81,138,138,0.99,0.99,1.98,1,1,0.00,0.00,0,0
1690304255.344903,s1-eth3,136.90,0.00,136.90,0,138,0.99,0.00,0.99,0,1,0.00,0.00,0,0
1690304255.344919,s7-eth4,0.00,0.00,0.00,0,0,0.00,0.00,0.00,0,0,0.00,0.00,0,0
1690304255.344940,lo,2325.07,2325.07,4650.15,2346,2346,35.68,35.68,71.36,36,36,0.00,0.00,0,0
1690304255.344996,s6-eth2,0.00,136.77,136.77,138,0,0.00,0.99,0.99,1,0,0.00,0.00,0,0
1690304255.345010,s4-eth2,0.00,0.00,0.00,0,0,0.00,0.00,0.00,0,0,0.00,0.00,0,0
1690304255.345022,s2-eth1,0.00,0.00,0.00,0,0,0.00,0.00,0.00,0,0,0.00,0.00,0,0
1690304255.345036,eth0,0.00,0.00,0.00,0,0,0.00,0.00,0.00,0,0,0.00,0.00,0,0
1690304255.345049,s5-eth1,0.00,0.00,0.00,0,0,0.00,0.00,0.00,0,0,0.00,0.00,0,0
1690304255.345061,s7-eth1,136.77,136.77,273.54,138,138,0.99,0.99,1.98,1,1,0.00,0.00,0,0
1690304255.345075,s1-eth4,0.00,0.00,0.00,0,0,0.00,0.00,0.00,0,0,0.00,0.00,0,0
1690304255.345087,s7-eth5,0.00,0.00,0.00,0,0,0.00,0.00,0.00,0,0,0.00,0.00,0,0
1690304255.345099,e2-eth1,97.13,97.13,194.25,98,98,0.99,0.99,1.98,1,1,0.00,0.00,0,0
1690304255.345129,s3-eth1,0.00,136.77,136.77,138,0,0.00,0.99,0.99,1,0,0.00,0.00,0,0
1690304255.345142,s2-eth2,0.00,0.00,0.00,0,0,0.00,0.00,0.00,0,0,0.00,0.00,0,0
1690304255.345154,s1-eth1,136.77,136.77,273.54,138,138,0.99,0.99,1.98,1,1,0.00,0.00,0,0
1690304255.345167,s5-eth2,0.00,0.00,0.00,0,0,0.00,0.00,0.00,0,0,0.00,0.00,0,0
1690304255.345179,s7-eth2,0.00,0.00,0.00,0,0,0.00,0.00,0.00,0,0,0.00,0.00,0,0
1690304255.345190,total,3613.48,3613.48,7226.96,3646,3646,45.59,45.59,91.18,46,46,0.00,0.00,0,0
1690304256.371175,s1-eth5,0.00,0.00,0.00,0,0,0.00,0.00,0.00,0,0,0.00,0.00,0,0
1690304256.373284,s7-eth6,134.24,0.00,134.24,0,138,0.97,0.00,0.97,0,1,0.00,0.00,0,0
1690304256.373310,e2-eth2,134.24,134.24,268.48,138,138,0.97,0.97,1.95,1,1,0.00,0.00,0,0
1690304256.373323,s3-eth2,0.00,0.00,0.00,0,0,0.00,0.00,0.00,0,0,0.00,0.00,0,0
1690304256.373335,e1-eth1,95.33,95.33,190.66,98,98,0.97,0.97,1.95,1,1,0.00,0.00,0,0
1690304256.373348,s1-eth2,134.24,0.00,134.24,0,138,0.97,0.00,0.97,0,1,0.00,0.00,0,0
1690304256.373421,s7-eth3,0.00,0.00,0.00,0,0,0.00,0.00,0.00,0,0,0.00,0.00,0,0
1690304256.373437,s6-eth1,134.24,0.00,134.24,0,138,0.97,0.00,0.97,0,1,0.00,0.00,0,0
1690304256.373448,s1-eth6,0.00,134.24,134.24,138,0,0.00,0.97,0.97,1,0,0.00,0.00,0,0
1690304256.373460,s4-eth1,0.00,0.00,0.00,0,0,0.00,0.00,0.00,0,0,0.00,0.00,0,0
1690304256.373471,e1-eth2,134.24,134.24,268.48,138,138,0.97,0.97,1.95,1,1,0.00,0.00,0,0
1690304256.373482,s1-eth3,0.00,0.00,0.00,0,0,0.00,0.00,0.00,0,0,0.00,0.00,0,0
1690304256.373492,s7-eth4,0.00,0.00,0.00,0,0,0.00,0.00,0.00,0,0,0.00,0.00,0,0
1690304256.373960,lo,3470.36,3470.36,6940.72,3571,3571,53.45,53.45,106.90,55,55,0.00,0.00,0,0
1690304256.374023,s6-eth2,0.00,134.11,134.11,138,0,0.00,0.97,0.97,1,0,0.00,0.00,0,0
1690304256.374037,s4-eth2,0.00,0.00,0.00,0,0,0.00,0.00,0.00,0,0,0.00,0.00,0,0
1690304256.374049,s2-eth1,0.00,134.11,134.11,138,0,0.00,0.97,0.97,1,0,0.00,0.00,0,0
1690304256.374061,eth0,0.00,0.00,0.00,0,0,0.00,0.00,0.00,0,0,0.00,0.00,0,0
1690304256.374072,s5-eth1,0.00,0.00,0.00,0,0,0.00,0.00,0.00,0,0,0.00,0.00,0,0
1690304256.374083,s7-eth1,134.11,134.11,268.22,138,138,0.97,0.97,1.94,1,1,0.00,0.00,0,0
1690304256.374095,s1-eth4,0.00,0.00,0.00,0,0,0.00,0.00,0.00,0,0,0.00,0.00,0,0
1690304256.374105,s7-eth5,0.00,0.00,0.00,0,0,0.00,0.00,0.00,0,0,0.00,0.00,0,0
1690304256.374116,e2-eth1,95.24,95.24,190.48,98,98,0.97,0.97,1.94,1,1,0.00,0.00,0,0
1690304256.374142,s3-eth1,0.00,0.00,0.00,0,0,0.00,0.00,0.00,0,0,0.00,0.00,0,0
1690304256.374153,s2-eth2,134.11,0.00,134.11,0,138,0.97,0.00,0.97,0,1,0.00,0.00,0,0
1690304256.374164,s1-eth1,134.11,134.11,268.22,138,138,0.97,0.97,1.94,1,1,0.00,0.00,0,0
1690304256.374175,s5-eth2,0.00,0.00,0.00,0,0,0.00,0.00,0.00,0,0,0.00,0.00,0,0
1690304256.374186,s7-eth2,0.00,134.11,134.11,138,0,0.00,0.97,0.97,1,0,0.00,0.00,0,0
1690304256.374196,total,4733.72,4733.72,9467.44,4871,4871,63.17,63.17,126.34,65,65,0.00,0.00,0,0
1690304257.375038,s1-eth5,137.59,0.00,137.59,0,138,1.00,0.00,1.00,0,1,0.00,0.00,0,0
1690304257.375238,s7-eth6,0.00,0.00,0.00,0,0,0.00,0.00,0.00,0,0,0.00,0.00,0,0
1690304257.375250,e2-eth2,137.86,137.86,275.72,138,138,1.00,1.00,2.00,1,1,0.00,0.00,0,0
1690304257.375262,s3-eth2,0.00,0.00,0.00,0,0,0.00,0.00,0.00,0,0,0.00,0.00,0,0
1690304257.375271,e1-eth1,97.90,195.80,293.71,196,98,1.00,2.00,3.00,2,1,0.00,0.00,0,0
1690304257.375281,s1-eth2,0.00,137.86,137.86,138,0,0.00,1.00,1.00,1,0,0.00,0.00,0,0
1690304257.375320,s7-eth3,0.00,0.00,0.00,0,0,0.00,0.00,0.00,0,0,0.00,0.00,0,0
1690304257.375329,s6-eth1,0.00,0.00,0.00,0,0,0.00,0.00,0.00,0,0,0.00,0.00,0,0
1690304257.375337,s1-eth6,0.00,0.00,0.00,0,0,0.00,0.00,0.00,0,0,0.00,0.00,0,0
1690304257.375346,s4-eth1,0.00,0.00,0.00,0,0,0.00,0.00,0.00,0,0,0.00,0.00,0,0
1690304257.375355,e1-eth2,275.72,137.86,413.59,138,276,2.00,1.00,3.00,1,2,0.00,0.00,0,0
1690304257.375365,s1-eth3,0.00,0.00,0.00,0,0,0.00,0.00,0.00,0,0,0.00,0.00,0,0
1690304257.375373,s7-eth4,0.00,0.00,0.00,0,0,0.00,0.00,0.00,0,0,0.00,0.00,0,0
1690304257.375383,lo,3463.54,3463.54,6927.07,3467,3467,52.95,52.95,105.89,53,53,0.00,0.00,0,0
1690304257.375420,s6-eth2,0.00,0.00,0.00,0,0,0.00,0.00,0.00,0,0,0.00,0.00,0,0
1690304257.375429,s4-eth2,0.00,0.00,0.00,0,0,0.00,0.00,0.00,0,0,0.00,0.00,0,0
1690304257.375438,s2-eth1,137.86,0.00,137.86,0,138,1.00,0.00,1.00,0,1,0.00,0.00,0,0
1690304257.375449,eth0,0.00,0.00,0.00,0,0,0.00,0.00,0.00,0,0,0.00,0.00,0,0
1690304257.375458,s5-eth1,0.00,137.86,137.86,138,0,0.00,1.00,1.00,1,0,0.00,0.00,0,0
1690304257.375468,s7-eth1,137.86,137.86,275.72,138,138,1.00,1.00,2.00,1,1,0.00,0.00,0,0
1690304257.375477,s1-eth4,0.00,0.00,0.00,0,0,0.00,0.00,0.00,0,0,0.00,0.00,0,0
1690304257.375486,s7-eth5,0.00,137.86,137.86,138,0,0.00,1.00,1.00,1,0,0.00,0.00,0,0
1690304257.375495,e2-eth1,97.90,97.90,195.80,98,98,1.00,1.00,2.00,1,1,0.00,0.00,0,0
1690304257.375522,s3-eth1,0.00,0.00,0.00,0,0,0.00,0.00,0.00,0,0,0.00,0.00,0,0
1690304257.375531,s2-eth2,0.00,137.86,137.86,138,0,0.00,1.00,1.00,1,0,0.00,0.00,0,0
1690304257.375541,s1-eth1,137.86,275.72,413.59,276,138,1.00,2.00,3.00,2,1,0.00,0.00,0,0
1690304257.375551,s5-eth2,137.86,0.00,137.86,0,138,1.00,0.00,1.00,0,1,0.00,0.00,0,0
1690304257.375572,s7-eth2,137.86,0.00,137.86,0,138,1.00,0.00,1.00,0,1,0.00,0.00,0,0
1690304257.375580,total,4900.10,4998.00,9898.10,5003,4905,63.94,64.94,128.87,65,64,0.00,0.00,0,0
1690304258.378210,s1-eth5,137.59,0.00,137.59,0,138,1.00,0.00,1.00,0,1,0.00,0.00,0,0
1690304258.378264,s7-eth6,0.00,0.00,0.00,0,0,0.00,0.00,0.00,0,0,0.00,0.00,0,0
1690304258.378276,e2-eth2,137.59,137.59,275.17,138,138,1.00,1.00,1.99,1,1,0.00,0.00,0,0
1690304258.378287,s3-eth2,0.00,137.59,137.59,138,0,0.00,1.00,1.00,1,0,0.00,0.00,0,0
1690304258.378297,e1-eth1,97.71,0.00,97.71,0,98,1.00,0.00,1.00,0,1,0.00,0.00,0,0
1690304258.378307,s1-eth2,0.00,0.00,0.00,0,0,0.00,0.00,0.00,0,0,0.00,0.00,0,0
1690304258.378346,s7-eth3,137.59,0.00,137.59,0,138,1.00,0.00,1.00,0,1,0.00,0.00,0,0
1690304258.378356,s6-eth1,0.00,0.00,0.00,0,0,0.00,0.00,0.00,0,0,0.00,0.00,0,0
1690304258.378366,s1-eth6,0.00,0.00,0.00,0,0,0.00,0.00,0.00,0,0,0.00,0.00,0,0
1690304258.378375,s4-eth1,0.00,0.00,0.00,0,0,0.00,0.00,0.00,0,0,0.00,0.00,0,0
1690304258.378384,e1-eth2,0.00,137.59,137.59,138,0,0.00,1.00,1.00,1,0,0.00,0.00,0,0
1690304258.378394,s1-eth3,0.00,137.59,137.59,138,0,0.00,1.00,1.00,1,0,0.00,0.00,0,0
1690304258.378404,s7-eth4,0.00,0.00,0.00,0,0,0.00,0.00,0.00,0,0,0.00,0.00,0,0
1690304258.378414,lo,3508.47,3508.47,7016.95,3519,3519,53.84,53.84,107.68,54,54,0.00,0.00,0,0
1690304258.378454,s6-eth2,0.00,0.00,0.00,0,0,0.00,0.00,0.00,0,0,0.00,0.00,0,0
1690304258.378463,s4-eth2,0.00,0.00,0.00,0,0,0.00,0.00,0.00,0,0,0.00,0.00,0,0
1690304258.378472,s2-eth1,0.00,0.00,0.00,0,0,0.00,0.00,0.00,0,0,0.00,0.00,0,0
1690304258.378499,eth0,0.00,0.00,0.00,0,0,0.00,0.00,0.00,0,0,0.00,0.00,0,0
1690304258.378509,s5-eth1,0.00,137.59,137.59,138,0,0.00,1.00,1.00,1,0,0.00,0.00,0,0
1690304258.378519,s7-eth1,137.59,137.59,275.17,138,138,1.00,1.00,1.99,1,1,0.00,0.00,0,0
1690304258.378529,s1-eth4,0.00,0.00,0.00,0,0,0.00,0.00,0.00,0,0,0.00,0.00,0,0
1690304258.378538,s7-eth5,0.00,137.59,137.59,138,0,0.00,1.00,1.00,1,0,0.00,0.00,0,0
1690304258.378548,e2-eth1,97.71,97.71,195.41,98,98,1.00,1.00,1.99,1,1,0.00,0.00,0,0
1690304258.378571,s3-eth1,137.59,0.00,137.59,0,138,1.00,0.00,1.00,0,1,0.00,0.00,0,0
1690304258.378581,s2-eth2,0.00,0.00,0.00,0,0,0.00,0.00,0.00,0,0,0.00,0.00,0,0
1690304258.378590,s1-eth1,137.59,0.00,137.59,0,138,1.00,0.00,1.00,0,1,0.00,0.00,0,0
1690304258.378600,s5-eth2,137.59,0.00,137.59,0,138,1.00,0.00,1.00,0,1,0.00,0.00,0,0
1690304258.378609,s7-eth2,0.00,0.00,0.00,0,0,0.00,0.00,0.00,0,0,0.00,0.00,0,0
1690304258.378617,total,4667.00,4569.29,9236.29,4583,4681,62.81,61.81,124.63,62,63,0.00,0.00,0,0
1690304259.379746,s1-eth5,0.00,137.86,137.86,138,0,0.00,1.00,1.00,1,0,0.00,0.00,0,0
1690304259.379789,s7-eth6,0.00,0.00,0.00,0,0,0.00,0.00,0.00,0,0,0.00,0.00,0,0
1690304259.379795,e2-eth2,137.86,137.86,275.72,138,138,1.00,1.00,2.00,1,1,0.00,0.00,0,0
1690304259.379799,s3-eth2,0.00,0.00,0.00,0,0,0.00,0.00,0.00,0,0,0.00,0.00,0,0
1690304259.379804,e1-eth1,97.90,97.90,195.80,98,98,1.00,1.00,2.00,1,1,0.00,0.00,0,0
1690304259.379808,s1-eth2,137.86,0.00,137.86,0,138,1.00,0.00,1.00,0,1,0.00,0.00,0,0
1690304259.379827,s7-eth3,0.00,0.00,0.00,0,0,0.00,0.00,0.00,0,0,0.00,0.00,0,0
1690304259.379831,s6-eth1,0.00,0.00,0.00,0,0,0.00,0.00,0.00,0,0,0.00,0.00,0,0
1690304259.379834,s1-eth6,0.00,0.00,0.00,0,0,0.00,0.00,0.00,0,0,0.00,0.00,0,0
1690304259.379838,s4-eth1,0.00,0.00,0.00,0,0,0.00,0.00,0.00,0,0,0.00,0.00,0,0
1690304259.379842,e1-eth2,137.86,137.86,275.72,138,138,1.00,1.00,2.00,1,1,0.00,0.00,0,0
1690304259.379846,s1-eth3,0.00,0.00,0.00,0,0,0.00,0.00,0.00,0,0,0.00,0.00,0,0
1690304259.379861,s7-eth4,0.00,0.00,0.00,0,0,0.00,0.00,0.00,0,0,0.00,0.00,0,0
1690304259.379865,lo,3515.48,3515.48,7030.97,3519,3519,53.95,53.95,107.89,54,54,0.00,0.00,0,0
1690304259.379884,s6-eth2,0.00,0.00,0.00,0,0,0.00,0.00,0.00,0,0,0.00,0.00,0,0
1690304259.379888,s4-eth2,0.00,0.00,0.00,0,0,0.00,0.00,0.00,0,0,0.00,0.00,0,0
1690304259.379892,s2-eth1,0.00,137.86,137.86,138,0,0.00,1.00,1.00,1,0,0.00,0.00,0,0
1690304259.379896,eth0,0.00,0.00,0.00,0,0,0.00,0.00,0.00,0,0,0.00,0.00,0,0
1690304259.379901,s5-eth1,137.86,0.00,137.86,0,138,1.00,0.00,1.00,0,1,0.00,0.00,0,0
1690304259.379913,s7-eth1,137.86,137.86,275.72,138,138,1.00,1.00,2.00,1,1,0.00,0.00,0,0
1690304259.379917,s1-eth4,0.00,0.00,0.00,0,0,0.00,0.00,0.00,0,0,0.00,0.00,0,0
1690304259.379921,s7-eth5,137.86,0.00,137.86,0,138,1.00,0.00,1.00,0,1,0.00,0.00,0,0
1690304259.379926,e2-eth1,97.90,97.90,195.80,98,98,1.00,1.00,2.00,1,1,0.00,0.00,0,0
1690304259.379936,s3-eth1,0.00,0.00,0.00,0,0,0.00,0.00,0.00,0,0,0.00,0.00,0,0
1690304259.379940,s2-eth2,137.86,0.00,137.86,0,138,1.00,0.00,1.00,0,1,0.00,0.00,0,0
1690304259.379944,s1-eth1,137.86,137.86,275.72,138,138,1.00,1.00,2.00,1,1,0.00,0.00,0,0
1690304259.379948,s5-eth2,0.00,137.86,137.86,138,0,0.00,1.00,1.00,1,0,0.00,0.00,0,0
1690304259.379952,s7-eth2,0.00,137.86,137.86,138,0,0.00,1.00,1.00,1,0,0.00,0.00,0,0
1690304259.379956,total,4814.19,4814.19,9628.37,4819,4819,63.94,63.94,127.87,64,64,0.00,0.00,0,0
1690304260.380555,s1-eth5,0.00,0.00,0.00,0,0,0.00,0.00,0.00,0,0,0.00,0.00,0,0
1690304260.380609,s7-eth6,138.00,0.00,138.00,0,138,1.00,0.00,1.00,0,1,0.00,0.00,0,0
1690304260.380622,e2-eth2,138.00,138.00,276.00,138,138,1.00,1.00,2.00,1,1,0.00,0.00,0,0
1690304260.380633,s3-eth2,0.00,0.00,0.00,0,0,0.00,0.00,0.00,0,0,0.00,0.00,0,0
1690304260.380642,e1-eth1,98.00,98.00,196.00,98,98,1.00,1.00,2.00,1,1,0.00,0.00,0,0
1690304260.380651,s1-eth2,138.00,0.00,138.00,0,138,1.00,0.00,1.00,0,1,0.00,0.00,0,0
1690304260.380704,s7-eth3,0.00,0.00,0.00,0,0,0.00,0.00,0.00,0,0,0.00,0.00,0,0
1690304260.380713,s6-eth1,138.00,0.00,138.00,0,138,1.00,0.00,1.00,0,1,0.00,0.00,0,0
1690304260.380722,s1-eth6,0.00,138.00,138.00,138,0,0.00,1.00,1.00,1,0,0.00,0.00,0,0
1690304260.380732,s4-eth1,0.00,0.00,0.00,0,0,0.00,0.00,0.00,0,0,0.00,0.00,0,0
1690304260.380741,e1-eth2,138.00,138.00,276.00,138,138,1.00,1.00,2.00,1,1,0.00,0.00,0,0
1690304260.380750,s1-eth3,0.00,0.00,0.00,0,0,0.00,0.00,0.00,0,0,0.00,0.00,0,0
1690304260.380759,s7-eth4,0.00,0.00,0.00,0,0,0.00,0.00,0.00,0,0,0.00,0.00,0,0
1690304260.380769,lo,3519.00,3519.00,7038.00,3519,3519,54.00,54.00,108.00,54,54,0.00,0.00,0,0
1690304260.380806,s6-eth2,0.00,138.00,138.00,138,0,0.00,1.00,1.00,1,0,0.00,0.00,0,0
1690304260.380816,s4-eth2,0.00,0.00,0.00,0,0,0.00,0.00,0.00,0,0,0.00,0.00,0,0
1690304260.380825,s2-eth1,0.00,138.00,138.00,138,0,0.00,1.00,1.00,1,0,0.00,0.00,0,0
1690304260.380835,eth0,0.00,0.00,0.00,0,0,0.00,0.00,0.00,0,0,0.00,0.00,0,0
1690304260.380844,s5-eth1,0.00,0.00,0.00,0,0,0.00,0.00,0.00,0,0,0.00,0.00,0,0
1690304260.380853,s7-eth1,138.00,138.00,276.00,138,138,1.00,1.00,2.00,1,1,0.00,0.00,0,0
1690304260.380862,s1-eth4,0.00,0.00,0.00,0,0,0.00,0.00,0.00,0,0,0.00,0.00,0,0
1690304260.380871,s7-eth5,0.00,0.00,0.00,0,0,0.00,0.00,0.00,0,0,0.00,0.00,0,0
1690304260.380880,e2-eth1,98.00,98.00,196.00,98,98,1.00,1.00,2.00,1,1,0.00,0.00,0,0
1690304260.380901,s3-eth1,0.00,0.00,0.00,0,0,0.00,0.00,0.00,0,0,0.00,0.00,0,0
1690304260.380910,s2-eth2,138.00,0.00,138.00,0,138,1.00,0.00,1.00,0,1,0.00,0.00,0,0
1690304260.380919,s1-eth1,138.00,138.00,276.00,138,138,1.00,1.00,2.00,1,1,0.00,0.00,0,0
1690304260.380928,s5-eth2,0.00,0.00,0.00,0,0,0.00,0.00,0.00,0,0,0.00,0.00,0,0
1690304260.380937,s7-eth2,0.00,138.00,138.00,138,0,0.00,1.00,1.00,1,0,0.00,0.00,0,0
1690304260.380945,total,4819.00,4819.00,9638.00,4819,4819,64.00,64.00,128.00,64,64,0.00,0.00,0,0
1690304261.381844,s1-eth5,0.00,0.00,0.00,0,0,0.00,0.00,0.00,0,0,0.00,0.00,0,0
1690304261.383135,s7-eth6,0.00,0.00,0.00,0,0,0.00,0.00,0.00,0,0,0.00,0.00,0,0
1690304261.383162,e2-eth2,137.72,137.72,275.45,138,138,1.00,1.00,2.00,1,1,0.00,0.00,0,0
1690304261.383177,s3-eth2,0.00,0.00,0.00,0,0,0.00,0.00,0.00,0,0,0.00,0.00,0,0
1690304261.383187,e1-eth1,97.80,97.80,195.61,98,98,1.00,1.00,2.00,1,1,0.00,0.00,0,0
1690304261.383199,s1-eth2,137.72,137.72,275.45,138,138,1.00,1.00,2.00,1,1,0.00,0.00,0,0
1690304261.383247,s7-eth3,0.00,0.00,0.00,0,0,0.00,0.00,0.00,0,0,0.00,0.00,0,0
1690304261.383257,s6-eth1,0.00,0.00,0.00,0,0,0.00,0.00,0.00,0,0,0.00,0.00,0,0
1690304261.383267,s1-eth6,0.00,0.00,0.00,0,0,0.00,0.00,0.00,0,0,0.00,0.00,0,0
1690304261.383277,s4-eth1,0.00,0.00,0.00,0,0,0.00,0.00,0.00,0,0,0.00,0.00,0,0
1690304261.383493,e1-eth2,137.72,137.72,275.45,138,138,1.00,1.00,2.00,1,1,0.00,0.00,0,0
1690304261.383511,s1-eth3,0.00,0.00,0.00,0,0,0.00,0.00,0.00,0,0,0.00,0.00,0,0
1690304261.383522,s7-eth4,0.00,0.00,0.00,0,0,0.00,0.00,0.00,0,0,0.00,0.00,0,0
1690304261.383533,lo,3511.98,3511.98,7023.95,3519,3519,53.89,53.89,107.78,54,54,0.00,0.00,0,0
1690304261.383580,s6-eth2,0.00,0.00,0.00,0,0,0.00,0.00,0.00,0,0,0.00,0.00,0,0
1690304261.383590,s4-eth2,0.00,0.00,0.00,0,0,0.00,0.00,0.00,0,0,0.00,0.00,0,0
1690304261.383600,s2-eth1,137.72,137.72,275.45,138,138,1.00,1.00,2.00,1,1,0.00,0.00,0,0
1690304261.383612,eth0,0.00,0.00,0.00,0,0,0.00,0.00,0.00,0,0,0.00,0.00,0,0
1690304261.383622,s5-eth1,0.00,0.00,0.00,0,0,0.00,0.00,0.00,0,0,0.00,0.00,0,0
1690304261.383632,s7-eth1,137.72,137.72,275.45,138,138,1.00,1.00,2.00,1,1,0.00,0.00,0,0
1690304261.383643,s1-eth4,0.00,0.00,0.00,0,0,0.00,0.00,0.00,0,0,0.00,0.00,0,0
1690304261.383653,s7-eth5,0.00,0.00,0.00,0,0,0.00,0.00,0.00,0,0,0.00,0.00,0,0
1690304261.383663,e2-eth1,97.80,97.80,195.61,98,98,1.00,1.00,2.00,1,1,0.00,0.00,0,0
1690304261.383695,s3-eth1,0.00,0.00,0.00,0,0,0.00,0.00,0.00,0,0,0.00,0.00,0,0
1690304261.383705,s2-eth2,137.72,137.72,275.45,138,138,1.00,1.00,2.00,1,1,0.00,0.00,0,0
1690304261.383716,s1-eth1,137.72,137.72,275.45,138,138,1.00,1.00,2.00,1,1,0.00,0.00,0,0
1690304261.383727,s5-eth2,0.00,0.00,0.00,0,0,0.00,0.00,0.00,0,0,0.00,0.00,0,0
1690304261.383737,s7-eth2,137.72,137.72,275.45,138,138,1.00,1.00,2.00,1,1,0.00,0.00,0,0
1690304261.383747,total,4809.38,4809.38,9618.76,4819,4819,63.87,63.87,127.74,64,64,0.00,0.00,0,0
1690304262.384675,s1-eth5,137.72,0.00,137.72,0,138,1.00,0.00,1.00,0,1,0.00,0.00,0,0
1690304262.384789,s7-eth6,0.00,0.00,0.00,0,0,0.00,0.00,0.00,0,0,0.00,0.00,0,0
1690304262.384802,e2-eth2,137.86,137.86,275.72,138,138,1.00,1.00,2.00,1,1,0.00,0.00,0,0
1690304262.384810,s3-eth2,0.00,0.00,0.00,0,0,0.00,0.00,0.00,0,0,0.00,0.00,0,0
1690304262.384816,e1-eth1,97.90,195.80,293.71,196,98,1.00,2.00,3.00,2,1,0.00,0.00,0,0
1690304262.384823,s1-eth2,0.00,137.86,137.86,138,0,0.00,1.00,1.00,1,0,0.00,0.00,0,0
1690304262.385126,s7-eth3,0.00,0.00,0.00,0,0,0.00,0.00,0.00,0,0,0.00,0.00,0,0
1690304262.385135,s6-eth1,0.00,0.00,0.00,0,0,0.00,0.00,0.00,0,0,0.00,0.00,0,0
1690304262.385141,s1-eth6,0.00,0.00,0.00,0,0,0.00,0.00,0.00,0,0,0.00,0.00,0,0
1690304262.385148,s4-eth1,0.00,0.00,0.00,0,0,0.00,0.00,0.00,0,0,0.00,0.00,0,0
1690304262.385154,e1-eth2,275.72,137.86,413.59,138,276,2.00,1.00,3.00,1,2,0.00,0.00,0,0
1690304262.385162,s1-eth3,0.00,0.00,0.00,0,0,0.00,0.00,0.00,0,0,0.00,0.00,0,0
1690304262.385168,s7-eth4,0.00,0.00,0.00,0,0,0.00,0.00,0.00,0,0,0.00,0.00,0,0
1690304262.385175,lo,3515.48,3515.48,7030.97,3519,3519,53.95,53.95,107.89,54,54,0.00,0.00,0,0
1690304262.385202,s6-eth2,0.00,0.00,0.00,0,0,0.00,0.00,0.00,0,0,0.00,0.00,0,0
1690304262.385209,s4-eth2,0.00,0.00,0.00,0,0,0.00,0.00,0.00,0,0,0.00,0.00,0,0
1690304262.385215,s2-eth1,137.86,0.00,137.86,0,138,1.00,0.00,1.00,0,1,0.00,0.00,0,0
1690304262.385222,eth0,0.00,59.94,59.94,60,0,0.00,1.00,1.00,1,0,0.00,0.00,0,0
1690304262.385412,s5-eth1,0.00,137.86,137.86,138,0,0.00,1.00,1.00,1,0,0.00,0.00,0,0
1690304262.385426,s7-eth1,137.86,137.86,275.72,138,138,1.00,1.00,2.00,1,1,0.00,0.00,0,0
1690304262.385433,s1-eth4,0.00,0.00,0.00,0,0,0.00,0.00,0.00,0,0,0.00,0.00,0,0
1690304262.385441,s7-eth5,0.00,137.86,137.86,138,0,0.00,1.00,1.00,1,0,0.00,0.00,0,0
1690304262.385447,e2-eth1,97.90,97.90,195.80,98,98,1.00,1.00,2.00,1,1,0.00,0.00,0,0
1690304262.385462,s3-eth1,0.00,0.00,0.00,0,0,0.00,0.00,0.00,0,0,0.00,0.00,0,0
1690304262.385468,s2-eth2,0.00,137.86,137.86,138,0,0.00,1.00,1.00,1,0,0.00,0.00,0,0
1690304262.385474,s1-eth1,137.86,275.72,413.59,276,138,1.00,2.00,3.00,2,1,0.00,0.00,0,0
1690304262.385480,s5-eth2,137.86,0.00,137.86,0,138,1.00,0.00,1.00,0,1,0.00,0.00,0,0
1690304262.385575,s7-eth2,137.86,0.00,137.86,0,138,1.00,0.00,1.00,0,1,0.00,0.00,0,0
1690304262.385587,total,4952.05,5109.89,10061.94,5115,4957,64.94,66.93,131.87,67,65,0.00,0.00,0,0
1690304263.386266,s1-eth5,0.00,0.00,0.00,0,0,0.00,0.00,0.00,0,0,0.00,0.00,0,0
1690304263.386488,s7-eth6,137.86,0.00,137.86,0,138,1.00,0.00,1.00,0,1,0.00,0.00,0,0
1690304263.386521,e2-eth2,137.86,137.86,275.72,138,138,1.00,1.00,2.00,1,1,0.00,0.00,0,0
1690304263.386528,s3-eth2,137.86,0.00,137.86,0,138,1.00,0.00,1.00,0,1,0.00,0.00,0,0
1690304263.386534,e1-eth1,97.90,0.00,97.90,0,98,1.00,0.00,1.00,0,1,0.00,0.00,0,0
1690304263.386540,s1-eth2,0.00,0.00,0.00,0,0,0.00,0.00,0.00,0,0,0.00,0.00,0,0
1690304263.386568,s7-eth3,0.00,137.86,137.86,138,0,0.00,1.00,1.00,1,0,0.00,0.00,0,0
1690304263.386574,s6-eth1,137.86,0.00,137.86,0,138,1.00,0.00,1.00,0,1,0.00,0.00,0,0
1690304263.386580,s1-eth6,0.00,137.86,137.86,138,0,0.00,1.00,1.00,1,0,0.00,0.00,0,0
1690304263.386586,s4-eth1,0.00,0.00,0.00,0,0,0.00,0.00,0.00,0,0,0.00,0.00,0,0
1690304263.386592,e1-eth2,0.00,137.86,137.86,138,0,0.00,1.00,1.00,1,0,0.00,0.00,0,0
1690304263.386597,s1-eth3,137.86,0.00,137.86,0,138,1.00,0.00,1.00,0,1,0.00,0.00,0,0
1690304263.386610,s7-eth4,0.00,0.00,0.00,0,0,0.00,0.00,0.00,0,0,0.00,0.00,0,0
1690304263.386617,lo,47475.53,47475.53,94951.05,47523,47523,89.91,89.91,179.82,90,90,0.00,0.00,0,0
1690304263.386643,s6-eth2,0.00,137.86,137.86,138,0,0.00,1.00,1.00,1,0,0.00,0.00,0,0
1690304263.386649,s4-eth2,0.00,0.00,0.00,0,0,0.00,0.00,0.00,0,0,0.00,0.00,0,0
1690304263.386655,s2-eth1,0.00,0.00,0.00,0,0,0.00,0.00,0.00,0,0,0.00,0.00,0,0
1690304263.386662,eth0,0.00,119.88,119.88,120,0,0.00,2.00,2.00,2,0,0.00,0.00,0,0
1690304263.386668,s5-eth1,0.00,0.00,0.00,0,0,0.00,0.00,0.00,0,0,0.00,0.00,0,0
1690304263.386696,s7-eth1,137.86,137.86,275.72,138,138,1.00,1.00,2.00,1,1,0.00,0.00,0,0
1690304263.386705,s1-eth4,0.00,0.00,0.00,0,0,0.00,0.00,0.00,0,0,0.00,0.00,0,0
1690304263.386711,s7-eth5,0.00,0.00,0.00,0,0,0.00,0.00,0.00,0,0,0.00,0.00,0,0
1690304263.386717,e2-eth1,97.90,97.90,195.80,98,98,1.00,1.00,2.00,1,1,0.00,0.00,0,0
1690304263.386733,s3-eth1,0.00,137.86,137.86,138,0,0.00,1.00,1.00,1,0,0.00,0.00,0,0
1690304263.386739,s2-eth2,0.00,0.00,0.00,0,0,0.00,0.00,0.00,0,0,0.00,0.00,0,0
1690304263.386745,s1-eth1,137.86,0.00,137.86,0,138,1.00,0.00,1.00,0,1,0.00,0.00,0,0
1690304263.386751,s5-eth2,0.00,0.00,0.00,0,0,0.00,0.00,0.00,0,0,0.00,0.00,0,0
1690304263.386757,s7-eth2,0.00,0.00,0.00,0,0,0.00,0.00,0.00,0,0,0.00,0.00,0,0
1690304263.386867,total,48636.36,48658.34,97294.71,48707,48685,98.90,99.90,198.80,100,99,0.00,0.00,0,0
1690304264.387353,s1-eth5,0.00,137.86,137.86,138,0,0.00,1.00,1.00,1,0,0.00,0.00,0,0
1690304264.387386,s7-eth6,0.00,138.00,138.00,138,0,0.00,1.00,1.00,1,0,0.00,0.00,0,0
1690304264.387391,e2-eth2,138.00,138.00,276.00,138,138,1.00,1.00,2.00,1,1,0.00,0.00,0,0
1690304264.387396,s3-eth2,0.00,0.00,0.00,0,0,0.00,0.00,0.00,0,0,0.00,0.00,0,0
1690304264.387399,e1-eth1,98.00,98.00,196.00,98,98,1.00,1.00,2.00,1,1,0.00,0.00,0,0
1690304264.387403,s1-eth2,0.00,0.00,0.00,0,0,0.00,0.00,0.00,0,0,0.00,0.00,0,0
1690304264.387431,s7-eth3,0.00,0.00,0.00,0,0,0.00,0.00,0.00,0,0,0.00,0.00,0,0
1690304264.387435,s6-eth1,0.00,138.00,138.00,138,0,0.00,1.00,1.00,1,0,0.00,0.00,0,0
1690304264.387438,s1-eth6,138.00,0.00,138.00,0,138,1.00,0.00,1.00,0,1,0.00,0.00,0,0
1690304264.387442,s4-eth1,0.00,0.00,0.00,0,0,0.00,0.00,0.00,0,0,0.00,0.00,0,0
1690304264.387446,e1-eth2,138.00,138.00,276.00,138,138,1.00,1.00,2.00,1,1,0.00,0.00,0,0
1690304264.387450,s1-eth3,0.00,0.00,0.00,0,0,0.00,0.00,0.00,0,0,0.00,0.00,0,0
1690304264.387453,s7-eth4,0.00,0.00,0.00,0,0,0.00,0.00,0.00,0,0,0.00,0.00,0,0
1690304264.387457,lo,3519.00,3519.00,7038.00,3519,3519,54.00,54.00,108.00,54,54,0.00,0.00,0,0
1690304264.387474,s6-eth2,138.00,0.00,138.00,0,138,1.00,0.00,1.00,0,1,0.00,0.00,0,0
1690304264.387478,s4-eth2,0.00,0.00,0.00,0,0,0.00,0.00,0.00,0,0,0.00,0.00,0,0
1690304264.387481,s2-eth1,0.00,0.00,0.00,0,0,0.00,0.00,0.00,0,0,0.00,0.00,0,0
1690304264.387485,eth0,0.00,60.00,60.00,60,0,0.00,1.00,1.00,1,0,0.00,0.00,0,0
1690304264.387489,s5-eth1,138.00,0.00,138.00,0,138,1.00,0.00,1.00,0,1,0.00,0.00,0,0
1690304264.387493,s7-eth1,138.00,138.00,276.00,138,138,1.00,1.00,2.00,1,1,0.00,0.00,0,0
1690304264.387496,s1-eth4,0.00,0.00,0.00,0,0,0.00,0.00,0.00,0,0,0.00,0.00,0,0
1690304264.387500,s7-eth5,138.00,0.00,138.00,0,138,1.00,0.00,1.00,0,1,0.00,0.00,0,0
1690304264.387512,e2-eth1,98.00,98.00,196.00,98,98,1.00,1.00,2.00,1,1,0.00,0.00,0,0
1690304264.387521,s3-eth1,0.00,0.00,0.00,0,0,0.00,0.00,0.00,0,0,0.00,0.00,0,0
1690304264.387525,s2-eth2,0.00,0.00,0.00,0,0,0.00,0.00,0.00,0,0,0.00,0.00,0,0
1690304264.387528,s1-eth1,138.00,138.00,276.00,138,138,1.00,1.00,2.00,1,1,0.00,0.00,0,0
1690304264.387532,s5-eth2,0.00,138.00,138.00,138,0,0.00,1.00,1.00,1,0,0.00,0.00,0,0
1690304264.387536,s7-eth2,0.00,0.00,0.00,0,0,0.00,0.00,0.00,0,0,0.00,0.00,0,0
1690304264.387539,total,4819.00,4879.00,9698.00,4879,4819,64.00,65.00,129.00,65,64,0.00,0.00,0,0
1690304265.388800,s1-eth5,0.00,137.86,137.86,138,0,0.00,1.00,1.00,1,0,0.00,0.00,0,0
1690304265.388841,s7-eth6,0.00,137.86,137.86,138,0,0.00,1.00,1.00,1,0,0.00,0.00,0,0
1690304265.388847,e2-eth2,137.86,137.86,275.72,138,138,1.00,1.00,2.00,1,1,0.00,0.00,0,0
1690304265.388851,s3-eth2,0.00,0.00,0.00,0,0,0.00,0.00,0.00,0,0,0.00,0.00,0,0
1690304265.388855,e1-eth1,97.90,97.90,195.80,98,98,1.00,1.00,2.00,1,1,0.00,0.00,0,0
1690304265.388859,s1-eth2,0.00,0.00,0.00,0,0,0.00,0.00,0.00,0,0,0.00,0.00,0,0
1690304265.388875,s7-eth3,0.00,0.00,0.00,0,0,0.00,0.00,0.00,0,0,0.00,0.00,0,0
1690304265.388879,s6-eth1,0.00,137.86,137.86,138,0,0.00,1.00,1.00,1,0,0.00,0.00,0,0
1690304265.388883,s1-eth6,137.86,0.00,137.86,0,138,1.00,0.00,1.00,0,1,0.00,0.00,0,0
1690304265.388886,s4-eth1,0.00,0.00,0.00,0,0,0.00,0.00,0.00,0,0,0.00,0.00,0,0
1690304265.388890,e1-eth2,137.86,137.86,275.72,138,138,1.00,1.00,2.00,1,1,0.00,0.00,0,0
1690304265.388894,s1-eth3,0.00,0.00,0.00,0,0,0.00,0.00,0.00,0,0,0.00,0.00,0,0
1690304265.388897,s7-eth4,0.00,0.00,0.00,0,0,0.00,0.00,0.00,0,0,0.00,0.00,0,0
1690304265.388901,lo,3515.48,3515.48,7030.97,3519,3519,53.95,53.95,107.89,54,54,0.00,0.00,0,0
1690304265.388918,s6-eth2,137.86,0.00,137.86,0,138,1.00,0.00,1.00,0,1,0.00,0.00,0,0
1690304265.388922,s4-eth2,0.00,0.00,0.00,0,0,0.00,0.00,0.00,0,0,0.00,0.00,0,0
1690304265.388926,s2-eth1,0.00,0.00,0.00,0,0,0.00,0.00,0.00,0,0,0.00,0.00,0,0
1690304265.388930,eth0,0.00,59.94,59.94,60,0,0.00,1.00,1.00,1,0,0.00,0.00,0,0
1690304265.388933,s5-eth1,137.86,0.00,137.86,0,138,1.00,0.00,1.00,0,1,0.00,0.00,0,0
1690304265.388937,s7-eth1,137.86,137.86,275.72,138,138,1.00,1.00,2.00,1,1,0.00,0.00,0,0
1690304265.388941,s1-eth4,0.00,0.00,0.00,0,0,0.00,0.00,0.00,0,0,0.00,0.00,0,0
1690304265.388945,s7-eth5,137.86,0.00,137.86,0,138,1.00,0.00,1.00,0,1,0.00,0.00,0,0
1690304265.388948,e2-eth1,97.90,97.90,195.80,98,98,1.00,1.00,2.00,1,1,0.00,0.00,0,0
1690304265.388958,s3-eth1,0.00,0.00,0.00,0,0,0.00,0.00,0.00,0,0,0.00,0.00,0,0
1690304265.388963,s2-eth2,0.00,0.00,0.00,0,0,0.00,0.00,0.00,0,0,0.00,0.00,0,0
1690304265.388966,s1-eth1,137.86,137.86,275.72,138,138,1.00,1.00,2.00,1,1,0.00,0.00,0,0
1690304265.388970,s5-eth2,0.00,137.86,137.86,138,0,0.00,1.00,1.00,1,0,0.00,0.00,0,0
1690304265.388974,s7-eth2,0.00,0.00,0.00,0,0,0.00,0.00,0.00,0,0,0.00,0.00,0,0
1690304265.388977,total,4814.19,4874.13,9688.31,4879,4819,63.94,64.94,128.87,65,64,0.00,0.00,0,0
1690304266.389694,s1-eth5,0.00,138.00,138.00,138,0,0.00,1.00,1.00,1,0,0.00,0.00,0,0
1690304266.390676,s7-eth6,0.00,0.00,0.00,0,0,0.00,0.00,0.00,0,0,0.00,0.00,0,0
1690304266.390701,e2-eth2,137.86,137.86,275.72,138,138,1.00,1.00,2.00,1,1,0.00,0.00,0,0
1690304266.390718,s3-eth2,0.00,0.00,0.00,0,0,0.00,0.00,0.00,0,0,0.00,0.00,0,0
1690304266.390731,e1-eth1,97.90,97.90,195.80,98,98,1.00,1.00,2.00,1,1,0.00,0.00,0,0
1690304266.390744,s1-eth2,0.00,0.00,0.00,0,0,0.00,0.00,0.00,0,0,0.00,0.00,0,0
1690304266.390793,s7-eth3,0.00,0.00,0.00,0,0,0.00,0.00,0.00,0,0,0.00,0.00,0,0
1690304266.390806,s6-eth1,0.00,0.00,0.00,0,0,0.00,0.00,0.00,0,0,0.00,0.00,0,0
1690304266.390818,s1-eth6,0.00,0.00,0.00,0,0,0.00,0.00,0.00,0,0,0.00,0.00,0,0
1690304266.390830,s4-eth1,0.00,137.86,137.86,138,0,0.00,1.00,1.00,1,0,0.00,0.00,0,0
1690304266.391074,e1-eth2,137.72,137.72,275.45,138,138,1.00,1.00,2.00,1,1,0.00,0.00,0,0
1690304266.391084,s1-eth3,0.00,0.00,0.00,0,0,0.00,0.00,0.00,0,0,0.00,0.00,0,0
1690304266.391092,s7-eth4,0.00,137.72,137.72,138,0,0.00,1.00,1.00,1,0,0.00,0.00,0,0
1690304266.391102,lo,3511.98,3511.98,7023.95,3519,3519,53.89,53.89,107.78,54,54,0.00,0.00,0,0
1690304266.391152,s6-eth2,0.00,0.00,0.00,0,0,0.00,0.00,0.00,0,0,0.00,0.00,0,0
1690304266.391161,s4-eth2,137.72,0.00,137.72,0,138,1.00,0.00,1.00,0,1,0.00,0.00,0,0
1690304266.391169,s2-eth1,0.00,0.00,0.00,0,0,0.00,0.00,0.00,0,0,0.00,0.00,0,0
1690304266.391178,eth0,94.81,156.69,251.50,157,95,1.00,2.00,2.99,2,1,0.00,0.00,0,0
1690304266.391194,s5-eth1,137.72,0.00,137.72,0,138,1.00,0.00,1.00,0,1,0.00,0.00,0,0
1690304266.391202,s7-eth1,137.72,137.72,275.45,138,138,1.00,1.00,2.00,1,1,0.00,0.00,0,0
1690304266.391210,s1-eth4,137.72,0.00,137.72,0,138,1.00,0.00,1.00,0,1,0.00,0.00,0,0
1690304266.391218,s7-eth5,137.72,0.00,137.72,0,138,1.00,0.00,1.00,0,1,0.00,0.00,0,0
1690304266.391225,e2-eth1,97.80,97.80,195.61,98,98,1.00,1.00,2.00,1,1,0.00,0.00,0,0
1690304266.391244,s3-eth1,0.00,0.00,0.00,0,0,0.00,0.00,0.00,0,0,0.00,0.00,0,0
1690304266.391252,s2-eth2,0.00,0.00,0.00,0,0,0.00,0.00,0.00,0,0,0.00,0.00,0,0
1690304266.391260,s1-eth1,137.72,137.72,275.45,138,138,1.00,1.00,2.00,1,1,0.00,0.00,0,0
1690304266.391267,s5-eth2,0.00,137.72,137.72,138,0,0.00,1.00,1.00,1,0,0.00,0.00,0,0
1690304266.391275,s7-eth2,0.00,0.00,0.00,0,0,0.00,0.00,0.00,0,0,0.00,0.00,0,0
1690304266.391282,total,4904.19,4966.07,9870.26,4976,4914,64.87,65.87,130.74,66,65,0.00,0.00,0,0
1690304267.391952,s1-eth5,0.00,0.00,0.00,0,0,0.00,0.00,0.00,0,0,0.00,0.00,0,0
1690304267.391984,s7-eth6,0.00,0.00,0.00,0,0,0.00,0.00,0.00,0,0,0.00,0.00,0,0
1690304267.391992,e2-eth2,137.86,137.86,275.72,138,138,1.00,1.00,2.00,1,1,0.00,0.00,0,0
1690304267.392000,s3-eth2,0.00,0.00,0.00,0,0,0.00,0.00,0.00,0,0,0.00,0.00,0,0
1690304267.392006,e1-eth1,97.90,97.90,195.80,98,98,1.00,1.00,2.00,1,1,0.00,0.00,0,0
1690304267.392013,s1-eth2,0.00,137.86,137.86,138,0,0.00,1.00,1.00,1,0,0.00,0.00,0,0
1690304267.392040,s7-eth3,0.00,0.00,0.00,0,0,0.00,0.00,0.00,0,0,0.00,0.00,0,0
1690304267.392046,s6-eth1,0.00,0.00,0.00,0,0,0.00,0.00,0.00,0,0,0.00,0.00,0,0
1690304267.392052,s1-eth6,0.00,0.00,0.00,0,0,0.00,0.00,0.00,0,0,0.00,0.00,0,0
1690304267.392058,s4-eth1,0.00,137.86,137.86,138,0,0.00,1.00,1.00,1,0,0.00,0.00,0,0
1690304267.392065,e1-eth2,138.00,138.00,276.00,138,138,1.00,1.00,2.00,1,1,0.00,0.00,0,0
1690304267.392072,s1-eth3,0.00,0.00,0.00,0,0,0.00,0.00,0.00,0,0,0.00,0.00,0,0
1690304267.392091,s7-eth4,0.00,138.00,138.00,138,0,0.00,1.00,1.00,1,0,0.00,0.00,0,0
1690304267.392098,lo,3910.00,3910.00,7820.00,3910,3910,60.00,60.00,120.00,60,60,0.00,0.00,0,0
1690304267.392125,s6-eth2,0.00,0.00,0.00,0,0,0.00,0.00,0.00,0,0,0.00,0.00,0,0
1690304267.392131,s4-eth2,138.00,0.00,138.00,0,138,1.00,0.00,1.00,0,1,0.00,0.00,0,0
1690304267.392138,s2-eth1,138.00,0.00,138.00,0,138,1.00,0.00,1.00,0,1,0.00,0.00,0,0
1690304267.392145,eth0,0.00,0.00,0.00,0,0,0.00,0.00,0.00,0,0,0.00,0.00,0,0
1690304267.392152,s5-eth1,0.00,0.00,0.00,0,0,0.00,0.00,0.00,0,0,0.00,0.00,0,0
1690304267.392158,s7-eth1,138.00,138.00,276.00,138,138,1.00,1.00,2.00,1,1,0.00,0.00,0,0
1690304267.392165,s1-eth4,138.00,0.00,138.00,0,138,1.00,0.00,1.00,0,1,0.00,0.00,0,0
1690304267.392171,s7-eth5,0.00,0.00,0.00,0,0,0.00,0.00,0.00,0,0,0.00,0.00,0,0
1690304267.392178,e2-eth1,98.00,98.00,196.00,98,98,1.00,1.00,2.00,1,1,0.00,0.00,0,0
1690304267.392193,s3-eth1,0.00,0.00,0.00,0,0,0.00,0.00,0.00,0,0,0.00,0.00,0,0
1690304267.392200,s2-eth2,0.00,138.00,138.00,138,0,0.00,1.00,1.00,1,0,0.00,0.00,0,0
1690304267.392206,s1-eth1,138.00,138.00,276.00,138,138,1.00,1.00,2.00,1,1,0.00,0.00,0,0
1690304267.392213,s5-eth2,0.00,0.00,0.00,0,0,0.00,0.00,0.00,0,0,0.00,0.00,0,0
1690304267.392219,s7-eth2,138.00,0.00,138.00,0,138,1.00,0.00,1.00,0,1,0.00,0.00,0,0
1690304267.392225,total,5210.00,5210.00,10420.00,5210,5210,70.00,70.00,140.00,70,70,0.00,0.00,0,0
1690304268.392973,s1-eth5,0.00,0.00,0.00,0,0,0.00,0.00,0.00,0,0,0.00,0.00,0,0
1690304268.393124,s7-eth6,0.00,0.00,0.00,0,0,0.00,0.00,0.00,0,0,0.00,0.00,0,0
1690304268.393132,e2-eth2,137.86,137.86,275.72,138,138,1.00,1.00,2.00,1,1,0.00,0.00,0,0
1690304268.393261,s3-eth2,0.00,137.86,137.86,138,0,0.00,1.00,1.00,1,0,0.00,0.00,0,0
1690304268.393270,e1-eth1,97.90,97.90,195.80,98,98,1.00,1.00,2.00,1,1,0.00,0.00,0,0
1690304268.393295,s1-eth2,0.00,0.00,0.00,0,0,0.00,0.00,0.00,0,0,0.00,0.00,0,0
1690304268.393326,s7-eth3,137.86,0.00,137.86,0,138,1.00,0.00,1.00,0,1,0.00,0.00,0,0
1690304268.393340,s6-eth1,0.00,0.00,0.00,0,0,0.00,0.00,0.00,0,0,0.00,0.00,0,0
1690304268.393347,s1-eth6,0.00,0.00,0.00,0,0,0.00,0.00,0.00,0,0,0.00,0.00,0,0
1690304268.393354,s4-eth1,0.00,137.86,137.86,138,0,0.00,1.00,1.00,1,0,0.00,0.00,0,0
1690304268.393361,e1-eth2,137.86,137.86,275.72,138,138,1.00,1.00,2.00,1,1,0.00,0.00,0,0
1690304268.393368,s1-eth3,0.00,137.86,137.86,138,0,0.00,1.00,1.00,1,0,0.00,0.00,0,0
1690304268.393374,s7-eth4,0.00,137.86,137.86,138,0,0.00,1.00,1.00,1,0,0.00,0.00,0,0
1690304268.393382,lo,3348.65,3348.65,6697.30,3352,3352,51.95,51.95,103.90,52,52,0.00,0.00,0,0
1690304268.393410,s6-eth2,0.00,0.00,0.00,0,0,0.00,0.00,0.00,0,0,0.00,0.00,0,0
1690304268.393417,s4-eth2,137.86,0.00,137.86,0,138,1.00,0.00,1.00,0,1,0.00,0.00,0,0
1690304268.393424,s2-eth1,0.00,0.00,0.00,0,0,0.00,0.00,0.00,0,0,0.00,0.00,0,0
1690304268.393431,eth0,0.00,0.00,0.00,0,0,0.00,0.00,0.00,0,0,0.00,0.00,0,0
1690304268.393438,s5-eth1,0.00,0.00,0.00,0,0,0.00,0.00,0.00,0,0,0.00,0.00,0,0
1690304268.393445,s7-eth1,137.86,137.86,275.72,138,138,1.00,1.00,2.00,1,1,0.00,0.00,0,0
1690304268.393452,s1-eth4,137.86,0.00,137.86,0,138,1.00,0.00,1.00,0,1,0.00,0.00,0,0
1690304268.393459,s7-eth5,0.00,0.00,0.00,0,0,0.00,0.00,0.00,0,0,0.00,0.00,0,0
1690304268.393465,e2-eth1,97.90,97.90,195.80,98,98,1.00,1.00,2.00,1,1,0.00,0.00,0,0
1690304268.393481,s3-eth1,137.86,0.00,137.86,0,138,1.00,0.00,1.00,0,1,0.00,0.00,0,0
1690304268.393488,s2-eth2,0.00,0.00,0.00,0,0,0.00,0.00,0.00,0,0,0.00,0.00,0,0
1690304268.393495,s1-eth1,137.86,137.86,275.72,138,138,1.00,1.00,2.00,1,1,0.00,0.00,0,0
1690304268.393502,s5-eth2,0.00,0.00,0.00,0,0,0.00,0.00,0.00,0,0,0.00,0.00,0,0
1690304268.393509,s7-eth2,0.00,0.00,0.00,0,0,0.00,0.00,0.00,0,0,0.00,0.00,0,0
1690304268.393514,total,4647.35,4647.35,9294.71,4652,4652,61.94,61.94,123.88,62,62,0.00,0.00,0,0
1690304269.395026,s1-eth5,0.00,0.00,0.00,0,0,0.00,0.00,0.00,0,0,0.00,0.00,0,0
1690304269.395105,s7-eth6,0.00,0.00,0.00,0,0,0.00,0.00,0.00,0,0,0.00,0.00,0,0
1690304269.395121,e2-eth2,137.86,137.86,275.72,138,138,1.00,1.00,2.00,1,1,0.00,0.00,0,0
1690304269.395138,s3-eth2,0.00,0.00,0.00,0,0,0.00,0.00,0.00,0,0,0.00,0.00,0,0
1690304269.395150,e1-eth1,97.90,97.90,195.80,98,98,1.00,1.00,2.00,1,1,0.00,0.00,0,0
1690304269.395165,s1-eth2,0.00,137.86,137.86,138,0,0.00,1.00,1.00,1,0,0.00,0.00,0,0
1690304269.395213,s7-eth3,0.00,0.00,0.00,0,0,0.00,0.00,0.00,0,0,0.00,0.00,0,0
1690304269.395226,s6-eth1,0.00,0.00,0.00,0,0,0.00,0.00,0.00,0,0,0.00,0.00,0,0
1690304269.395239,s1-eth6,0.00,0.00,0.00,0,0,0.00,0.00,0.00,0,0,0.00,0.00,0,0
1690304269.395251,s4-eth1,0.00,137.86,137.86,138,0,0.00,1.00,1.00,1,0,0.00,0.00,0,0
1690304269.395264,e1-eth2,137.86,137.86,275.72,138,138,1.00,1.00,2.00,1,1,0.00,0.00,0,0
1690304269.395277,s1-eth3,0.00,0.00,0.00,0,0,0.00,0.00,0.00,0,0,0.00,0.00,0,0
1690304269.395289,s7-eth4,0.00,137.86,137.86,138,0,0.00,1.00,1.00,1,0,0.00,0.00,0,0
1690304269.395304,lo,2786.21,2786.21,5572.43,2789,2789,42.96,42.96,85.91,43,43,0.00,0.00,0,0
1690304269.395355,s6-eth2,0.00,0.00,0.00,0,0,0.00,0.00,0.00,0,0,0.00,0.00,0,0
1690304269.395368,s4-eth2,137.86,0.00,137.86,0,138,1.00,0.00,1.00,0,1,0.00,0.00,0,0
1690304269.395382,s2-eth1,137.86,0.00,137.86,0,138,1.00,0.00,1.00,0,1,0.00,0.00,0,0
1690304269.395396,eth0,0.00,59.94,59.94,60,0,0.00,1.00,1.00,1,0,0.00,0.00,0,0
1690304269.395409,s5-eth1,0.00,0.00,0.00,0,0,0.00,0.00,0.00,0,0,0.00,0.00,0,0
1690304269.395422,s7-eth1,137.86,137.86,275.72,138,138,1.00,1.00,2.00,1,1,0.00,0.00,0,0
1690304269.395435,s1-eth4,137.86,0.00,137.86,0,138,1.00,0.00,1.00,0,1,0.00,0.00,0,0
1690304269.395448,s7-eth5,0.00,0.00,0.00,0,0,0.00,0.00,0.00,0,0,0.00,0.00,0,0
1690304269.395461,e2-eth1,97.90,97.90,195.80,98,98,1.00,1.00,2.00,1,1,0.00,0.00,0,0
1690304269.395491,s3-eth1,0.00,0.00,0.00,0,0,0.00,0.00,0.00,0,0,0.00,0.00,0,0
1690304269.395507,s2-eth2,0.00,137.72,137.72,138,0,0.00,1.00,1.00,1,0,0.00,0.00,0,0
1690304269.395521,s1-eth1,137.72,137.72,275.45,138,138,1.00,1.00,2.00,1,1,0.00,0.00,0,0
1690304269.395556,s5-eth2,0.00,0.00,0.00,0,0,0.00,0.00,0.00,0,0,0.00,0.00,0,0
1690304269.395569,s7-eth2,137.72,0.00,137.72,0,138,1.00,0.00,1.00,0,1,0.00,0.00,0,0
1690304269.395580,total,4080.84,4140.72,8221.56,4149,4089,52.89,53.89,106.79,54,53,0.00,0.00,0,0
1690304270.435623,s1-eth5,0.00,132.69,132.69,138,0,0.00,0.96,0.96,1,0,0.00,0.00,0,0
1690304270.435687,s7-eth6,0.00,0.00,0.00,0,0,0.00,0.00,0.00,0,0,0.00,0.00,0,0
1690304270.435702,e2-eth2,132.69,132.69,265.38,138,138,0.96,0.96,1.92,1,1,0.00,0.00,0,0
1690304270.435717,s3-eth2,0.00,0.00,0.00,0,0,0.00,0.00,0.00,0,0,0.00,0.00,0,0
1690304270.435730,e1-eth1,94.23,94.23,188.46,98,98,0.96,0.96,1.92,1,1,0.00,0.00,0,0
1690304270.435746,s1-eth2,0.00,0.00,0.00,0,0,0.00,0.00,0.00,0,0,0.00,0.00,0,0
1690304270.435796,s7-eth3,0.00,0.00,0.00,0,0,0.00,0.00,0.00,0,0,0.00,0.00,0,0
1690304270.435809,s6-eth1,0.00,0.00,0.00,0,0,0.00,0.00,0.00,0,0,0.00,0.00,0,0
1690304270.435821,s1-eth6,0.00,0.00,0.00,0,0,0.00,0.00,0.00,0,0,0.00,0.00,0,0
1690304270.435834,s4-eth1,0.00,132.69,132.69,138,0,0.00,0.96,0.96,1,0,0.00,0.00,0,0
1690304270.435846,e1-eth2,132.69,132.69,265.38,138,138,0.96,0.96,1.92,1,1,0.00,0.00,0,0
1690304270.435859,s1-eth3,0.00,0.00,0.00,0,0,0.00,0.00,0.00,0,0,0.00,0.00,0,0
1690304270.435872,s7-eth4,0.00,132.69,132.69,138,0,0.00,0.96,0.96,1,0,0.00,0.00,0,0
1690304270.435887,lo,3118.27,3118.27,6236.54,3243,3243,47.12,47.12,94.23,49,49,0.00,0.00,0,0
1690304270.435938,s6-eth2,0.00,0.00,0.00,0,0,0.00,0.00,0.00,0,0,0.00,0.00,0,0
1690304270.435950,s4-eth2,132.69,0.00,132.69,0,138,0.96,0.00,0.96,0,1,0.00,0.00,0,0
1690304270.435964,s2-eth1,0.00,0.00,0.00,0,0,0.00,0.00,0.00,0,0,0.00,0.00,0,0
1690304270.435978,eth0,0.00,0.00,0.00,0,0,0.00,0.00,0.00,0,0,0.00,0.00,0,0
1690304270.436008,s5-eth1,132.69,0.00,132.69,0,138,0.96,0.00,0.96,0,1,0.00,0.00,0,0
1690304270.436022,s7-eth1,132.69,132.69,265.38,138,138,0.96,0.96,1.92,1,1,0.00,0.00,0,0
1690304270.436035,s1-eth4,132.69,0.00,132.69,0,138,0.96,0.00,0.96,0,1,0.00,0.00,0,0
1690304270.436048,s7-eth5,132.69,0.00,132.69,0,138,0.96,0.00,0.96,0,1,0.00,0.00,0,0
1690304270.436061,e2-eth1,94.23,94.23,188.46,98,98,0.96,0.96,1.92,1,1,0.00,0.00,0,0
1690304270.436090,s3-eth1,0.00,0.00,0.00,0,0,0.00,0.00,0.00,0,0,0.00,0.00,0,0
1690304270.436103,s2-eth2,0.00,0.00,0.00,0,0,0.00,0.00,0.00,0,0,0.00,0.00,0,0
1690304270.436115,s1-eth1,132.69,132.69,265.38,138,138,0.96,0.96,1.92,1,1,0.00,0.00,0,0
1690304270.436128,s5-eth2,0.00,132.69,132.69,138,0,0.00,0.96,0.96,1,0,0.00,0.00,0,0
1690304270.436141,s7-eth2,0.00,0.00,0.00,0,0,0.00,0.00,0.00,0,0,0.00,0.00,0,0
1690304270.436152,total,4368.27,4368.27,8736.54,4543,4543,56.73,56.73,113.46,59,59,0.00,0.00,0,0
1690304271.464391,s1-eth5,0.00,0.00,0.00,0,0,0.00,0.00,0.00,0,0,0.00,0.00,0,0
1690304271.465255,s7-eth6,0.00,134.11,134.11,138,0,0.00,0.97,0.97,1,0,0.00,0.00,0,0
1690304271.465275,e2-eth2,134.11,134.11,268.22,138,138,0.97,0.97,1.94,1,1,0.00,0.00,0,0
1690304271.465284,s3-eth2,0.00,134.11,134.11,138,0,0.00,0.97,0.97,1,0,0.00,0.00,0,0
1690304271.465291,e1-eth1,95.24,95.24,190.48,98,98,0.97,0.97,1.94,1,1,0.00,0.00,0,0
1690304271.465298,s1-eth2,0.00,0.00,0.00,0,0,0.00,0.00,0.00,0,0,0.00,0.00,0,0
1690304271.465330,s7-eth3,134.11,0.00,134.11,0,138,0.97,0.00,0.97,0,1,0.00,0.00,0,0
1690304271.465337,s6-eth1,0.00,134.11,134.11,138,0,0.00,0.97,0.97,1,0,0.00,0.00,0,0
1690304271.465344,s1-eth6,134.11,0.00,134.11,0,138,0.97,0.00,0.97,0,1,0.00,0.00,0,0
1690304271.465502,s4-eth1,0.00,0.00,0.00,0,0,0.00,0.00,0.00,0,0,0.00,0.00,0,0
1690304271.465507,e1-eth2,134.11,134.11,268.22,138,138,0.97,0.97,1.94,1,1,0.00,0.00,0,0
1690304271.465512,s1-eth3,0.00,134.11,134.11,138,0,0.00,0.97,0.97,1,0,0.00,0.00,0,0
1690304271.465516,s7-eth4,0.00,0.00,0.00,0,0,0.00,0.00,0.00,0,0,0.00,0.00,0,0
1690304271.465530,lo,3799.81,3799.81,7599.61,3910,3910,58.31,58.31,116.62,60,60,0.00,0.00,0,0
1690304271.465551,s6-eth2,134.11,0.00,134.11,0,138,0.97,0.00,0.97,0,1,0.00,0.00,0,0
1690304271.465596,s4-eth2,0.00,0.00,0.00,0,0,0.00,0.00,0.00,0,0,0.00,0.00,0,0
1690304271.465604,s2-eth1,0.00,0.00,0.00,0,0,0.00,0.00,0.00,0,0,0.00,0.00,0,0
1690304271.465616,eth0,0.00,89.41,89.41,92,0,0.00,0.97,0.97,1,0,0.00,0.00,0,0
1690304271.465621,s5-eth1,0.00,0.00,0.00,0,0,0.00,0.00,0.00,0,0,0.00,0.00,0,0
1690304271.465718,s7-eth1,134.11,134.11,268.22,138,138,0.97,0.97,1.94,1,1,0.00,0.00,0,0
1690304271.465724,s1-eth4,0.00,0.00,0.00,0,0,0.00,0.00,0.00,0,0,0.00,0.00,0,0
1690304271.465729,s7-eth5,0.00,0.00,0.00,0,0,0.00,0.00,0.00,0,0,0.00,0.00,0,0
1690304271.465733,e2-eth1,95.24,95.24,190.48,98,98,0.97,0.97,1.94,1,1,0.00,0.00,0,0
1690304271.465744,s3-eth1,134.11,0.00,134.11,0,138,0.97,0.00,0.97,0,1,0.00,0.00,0,0
1690304271.465747,s2-eth2,0.00,0.00,0.00,0,0,0.00,0.00,0.00,0,0,0.00,0.00,0,0
1690304271.465751,s1-eth1,134.11,134.11,268.22,138,138,0.97,0.97,1.94,1,1,0.00,0.00,0,0
1690304271.465755,s5-eth2,0.00,0.00,0.00,0,0,0.00,0.00,0.00,0,0,0.00,0.00,0,0
1690304271.465759,s7-eth2,0.00,0.00,0.00,0,0,0.00,0.00,0.00,0,0,0.00,0.00,0,0
1690304271.465762,total,5063.17,5152.58,10215.74,5302,5210,68.03,69.00,137.03,71,70,0.00,0.00,0,0
1690304272.471832,s1-eth5,0.00,0.00,0.00,0,0,0.00,0.00,0.00,0,0,0.00,0.00,0,0
1690304272.472055,s7-eth6,0.00,0.00,0.00,0,0,0.00,0.00,0.00,0,0,0.00,0.00,0,0
1690304272.472082,e2-eth2,137.18,137.18,274.35,138,138,0.99,0.99,1.99,1,1,0.00,0.00,0,0
1690304272.472098,s3-eth2,0.00,0.00,0.00,0,0,0.00,0.00,0.00,0,0,0.00,0.00,0,0
1690304272.472110,e1-eth1,97.42,97.42,194.83,98,98,0.99,0.99,1.99,1,1,0.00,0.00,0,0
1690304272.472123,s1-eth2,137.18,137.18,274.35,138,138,0.99,0.99,1.99,1,1,0.00,0.00,0,0
1690304272.472465,s7-eth3,0.00,0.00,0.00,0,0,0.00,0.00,0.00,0,0,0.00,0.00,0,0
1690304272.472496,s6-eth1,0.00,0.00,0.00,0,0,0.00,0.00,0.00,0,0,0.00,0.00,0,0
1690304272.472519,s1-eth6,0.00,0.00,0.00,0,0,0.00,0.00,0.00,0,0,0.00,0.00,0,0
1690304272.472531,s4-eth1,0.00,0.00,0.00,0,0,0.00,0.00,0.00,0,0,0.00,0.00,0,0
1690304272.472543,e1-eth2,137.04,137.04,274.08,138,138,0.99,0.99,1.99,1,1,0.00,0.00,0,0
1690304272.472557,s1-eth3,0.00,0.00,0.00,0,0,0.00,0.00,0.00,0,0,0.00,0.00,0,0
1690304272.472568,s7-eth4,0.00,0.00,0.00,0,0,0.00,0.00,0.00,0,0,0.00,0.00,0,0
1690304272.472581,lo,3328.70,3328.70,6657.40,3352,3352,51.64,51.64,103.28,52,52,0.00,0.00,0,0
1690304272.472630,s6-eth2,0.00,0.00,0.00,0,0,0.00,0.00,0.00,0,0,0.00,0.00,0,0
1690304272.472642,s4-eth2,0.00,0.00,0.00,0,0,0.00,0.00,0.00,0,0,0.00,0.00,0,0
1690304272.472653,s2-eth1,137.04,137.04,274.08,138,138,0.99,0.99,1.99,1,1,0.00,0.00,0,0
1690304272.472667,eth0,0.00,242.30,242.30,244,0,0.00,2.98,2.98,3,0,0.00,0.00,0,0
1690304272.472680,s5-eth1,0.00,0.00,0.00,0,0,0.00,0.00,0.00,0,0,0.00,0.00,0,0
1690304272.472692,s7-eth1,137.18,137.18,274.35,138,138,0.99,0.99,1.99,1,1,0.00,0.00,0,0
1690304272.472704,s1-eth4,0.00,0.00,0.00,0,0,0.00,0.00,0.00,0,0,0.00,0.00,0,0
1690304272.472716,s7-eth5,0.00,0.00,0.00,0,0,0.00,0.00,0.00,0,0,0.00,0.00,0,0
1690304272.472727,e2-eth1,97.42,97.42,194.83,98,98,0.99,0.99,1.99,1,1,0.00,0.00,0,0
1690304272.472755,s3-eth1,0.00,0.00,0.00,0,0,0.00,0.00,0.00,0,0,0.00,0.00,0,0
1690304272.472766,s2-eth2,137.04,137.04,274.08,138,138,0.99,0.99,1.99,1,1,0.00,0.00,0,0
1690304272.472778,s1-eth1,137.04,137.04,274.08,138,138,0.99,0.99,1.99,1,1,0.00,0.00,0,0
1690304272.472790,s5-eth2,0.00,0.00,0.00,0,0,0.00,0.00,0.00,0,0,0.00,0.00,0,0
1690304272.472802,s7-eth2,137.04,137.04,274.08,138,138,0.99,0.99,1.99,1,1,0.00,0.00,0,0
1690304272.472812,total,4619.66,4861.97,9481.63,4896,4652,61.57,64.55,126.12,65,62,0.00,0.00,0,0
1690304273.473585,s1-eth5,0.00,0.00,0.00,0,0,0.00,0.00,0.00,0,0,0.00,0.00,0,0
1690304273.473631,s7-eth6,0.00,0.00,0.00,0,0,0.00,0.00,0.00,0,0,0.00,0.00,0,0
1690304273.473637,e2-eth2,137.86,137.86,275.72,138,138,1.00,1.00,2.00,1,1,0.00,0.00,0,0
1690304273.473642,s3-eth2,0.00,0.00,0.00,0,0,0.00,0.00,0.00,0,0,0.00,0.00,0,0
1690304273.473646,e1-eth1,97.90,97.90,195.80,98,98,1.00,1.00,2.00,1,1,0.00,0.00,0,0
1690304273.473651,s1-eth2,0.00,137.86,137.86,138,0,0.00,1.00,1.00,1,0,0.00,0.00,0,0
1690304273.473669,s7-eth3,0.00,0.00,0.00,0,0,0.00,0.00,0.00,0,0,0.00,0.00,0,0
1690304273.473673,s6-eth1,0.00,0.00,0.00,0,0,0.00,0.00,0.00,0,0,0.00,0.00,0,0
1690304273.473678,s1-eth6,0.00,0.00,0.00,0,0,0.00,0.00,0.00,0,0,0.00,0.00,0,0
1690304273.473692,s4-eth1,0.00,137.86,137.86,138,0,0.00,1.00,1.00,1,0,0.00,0.00,0,0
1690304273.473696,e1-eth2,137.86,137.86,275.72,138,138,1.00,1.00,2.00,1,1,0.00,0.00,0,0
1690304273.473701,s1-eth3,0.00,0.00,0.00,0,0,0.00,0.00,0.00,0,0,0.00,0.00,0,0
1690304273.473705,s7-eth4,0.00,137.86,137.86,138,0,0.00,1.00,1.00,1,0,0.00,0.00,0,0
1690304273.473710,lo,47629.37,47629.37,95258.74,47677,47677,91.91,91.91,183.82,92,92,0.00,0.00,0,0
1690304273.473728,s6-eth2,0.00,0.00,0.00,0,0,0.00,0.00,0.00,0,0,0.00,0.00,0,0
1690304273.473732,s4-eth2,137.86,0.00,137.86,0,138,1.00,0.00,1.00,0,1,0.00,0.00,0,0
1690304273.473737,s2-eth1,137.86,0.00,137.86,0,138,1.00,0.00,1.00,0,1,0.00,0.00,0,0
1690304273.473741,eth0,0.00,483.52,483.52,484,0,0.00,3.00,3.00,3,0,0.00,0.00,0,0
1690304273.473746,s5-eth1,0.00,0.00,0.00,0,0,0.00,0.00,0.00,0,0,0.00,0.00,0,0
1690304273.473750,s7-eth1,137.86,137.86,275.72,138,138,1.00,1.00,2.00,1,1,0.00,0.00,0,0
1690304273.473754,s1-eth4,137.86,0.00,137.86,0,138,1.00,0.00,1.00,0,1,0.00,0.00,0,0
1690304273.473758,s7-eth5,0.00,0.00,0.00,0,0,0.00,0.00,0.00,0,0,0.00,0.00,0,0
1690304273.473763,e2-eth1,97.90,97.90,195.80,98,98,1.00,1.00,2.00,1,1,0.00,0.00,0,0
1690304273.473773,s3-eth1,0.00,0.00,0.00,0,0,0.00,0.00,0.00,0,0,0.00,0.00,0,0
1690304273.473777,s2-eth2,0.00,137.86,137.86,138,0,0.00,1.00,1.00,1,0,0.00,0.00,0,0
1690304273.473784,s1-eth1,137.86,137.86,275.72,138,138,1.00,1.00,2.00,1,1,0.00,0.00,0,0
1690304273.473790,s5-eth2,0.00,0.00,0.00,0,0,0.00,0.00,0.00,0,0,0.00,0.00,0,0
1690304273.473795,s7-eth2,138.00,0.00,138.00,0,138,1.00,0.00,1.00,0,1,0.00,0.00,0,0
1690304273.473798,total,48977.00,49461.00,98438.00,49461,48977,102.00,105.00,207.00,105,102,0.00,0.00,0,0
1690304274.474744,s1-eth5,0.00,0.00,0.00,0,0,0.00,0.00,0.00,0,0,0.00,0.00,0,0
1690304274.474815,s7-eth6,0.00,0.00,0.00,0,0,0.00,0.00,0.00,0,0,0.00,0.00,0,0
1690304274.474830,e2-eth2,137.86,137.86,275.72,138,138,1.00,1.00,2.00,1,1,0.00,0.00,0,0
1690304274.474846,s3-eth2,0.00,0.00,0.00,0,0,0.00,0.00,0.00,0,0,0.00,0.00,0,0
1690304274.474859,e1-eth1,97.90,97.90,195.80,98,98,1.00,1.00,2.00,1,1,0.00,0.00,0,0
1690304274.474873,s1-eth2,0.00,137.86,137.86,138,0,0.00,1.00,1.00,1,0,0.00,0.00,0,0
1690304274.474922,s7-eth3,0.00,0.00,0.00,0,0,0.00,0.00,0.00,0,0,0.00,0.00,0,0
1690304274.474935,s6-eth1,0.00,0.00,0.00,0,0,0.00,0.00,0.00,0,0,0.00,0.00,0,0
1690304274.474947,s1-eth6,0.00,0.00,0.00,0,0,0.00,0.00,0.00,0,0,0.00,0.00,0,0
1690304274.474959,s4-eth1,0.00,137.86,137.86,138,0,0.00,1.00,1.00,1,0,0.00,0.00,0,0
1690304274.474972,e1-eth2,137.86,137.86,275.72,138,138,1.00,1.00,2.00,1,1,0.00,0.00,0,0
1690304274.474985,s1-eth3,0.00,0.00,0.00,0,0,0.00,0.00,0.00,0,0,0.00,0.00,0,0
1690304274.474997,s7-eth4,0.00,137.86,137.86,138,0,0.00,1.00,1.00,1,0,0.00,0.00,0,0
1690304274.475012,lo,3124.88,3124.88,6249.75,3128,3128,47.95,47.95,95.90,48,48,0.00,0.00,0,0
1690304274.475064,s6-eth2,0.00,0.00,0.00,0,0,0.00,0.00,0.00,0,0,0.00,0.00,0,0
1690304274.475076,s4-eth2,137.86,0.00,137.86,0,138,1.00,0.00,1.00,0,1,0.00,0.00,0,0
1690304274.475090,s2-eth1,137.86,0.00,137.86,0,138,1.00,0.00,1.00,0,1,0.00,0.00,0,0
1690304274.475104,eth0,0.00,119.88,119.88,120,0,0.00,2.00,2.00,2,0,0.00,0.00,0,0
1690304274.475118,s5-eth1,0.00,0.00,0.00,0,0,0.00,0.00,0.00,0,0,0.00,0.00,0,0
1690304274.475150,s7-eth1,137.86,137.86,275.72,138,138,1.00,1.00,2.00,1,1,0.00,0.00,0,0
1690304274.475164,s1-eth4,137.86,0.00,137.86,0,138,1.00,0.00,1.00,0,1,0.00,0.00,0,0
1690304274.475177,s7-eth5,0.00,0.00,0.00,0,0,0.00,0.00,0.00,0,0,0.00,0.00,0,0
1690304274.475190,e2-eth1,97.90,97.90,195.80,98,98,1.00,1.00,2.00,1,1,0.00,0.00,0,0
1690304274.475220,s3-eth1,0.00,0.00,0.00,0,0,0.00,0.00,0.00,0,0,0.00,0.00,0,0
1690304274.475232,s2-eth2,0.00,137.86,137.86,138,0,0.00,1.00,1.00,1,0,0.00,0.00,0,0
1690304274.475245,s1-eth1,137.86,137.86,275.72,138,138,1.00,1.00,2.00,1,1,0.00,0.00,0,0
1690304274.475258,s5-eth2,0.00,0.00,0.00,0,0,0.00,0.00,0.00,0,0,0.00,0.00,0,0
1690304274.475270,s7-eth2,137.86,0.00,137.86,0,138,1.00,0.00,1.00,0,1,0.00,0.00,0,0
1690304274.475282,total,4423.58,4543.46,8967.03,4548,4428,57.94,59.94,117.88,60,58,0.00,0.00,0,0
1690304275.475974,s1-eth5,0.00,0.00,0.00,0,0,0.00,0.00,0.00,0,0,0.00,0.00,0,0
1690304275.476036,s7-eth6,0.00,0.00,0.00,0,0,0.00,0.00,0.00,0,0,0.00,0.00,0,0
1690304275.476052,e2-eth2,137.86,137.86,275.72,138,138,1.00,1.00,2.00,1,1,0.00,0.00,0,0
1690304275.476067,s3-eth2,0.00,0.00,0.00,0,0,0.00,0.00,0.00,0,0,0.00,0.00,0,0
1690304275.476080,e1-eth1,97.90,97.90,195.80,98,98,1.00,1.00,2.00,1,1,0.00,0.00,0,0
1690304275.476094,s1-eth2,0.00,137.86,137.86,138,0,0.00,1.00,1.00,1,0,0.00,0.00,0,0
1690304275.476308,s7-eth3,0.00,0.00,0.00,0,0,0.00,0.00,0.00,0,0,0.00,0.00,0,0
1690304275.476312,s6-eth1,0.00,0.00,0.00,0,0,0.00,0.00,0.00,0,0,0.00,0.00,0,0
1690304275.476316,s1-eth6,0.00,0.00,0.00,0,0,0.00,0.00,0.00,0,0,0.00,0.00,0,0
1690304275.476320,s4-eth1,0.00,137.86,137.86,138,0,0.00,1.00,1.00,1,0,0.00,0.00,0,0
1690304275.476323,e1-eth2,137.86,137.86,275.72,138,138,1.00,1.00,2.00,1,1,0.00,0.00,0,0
1690304275.476327,s1-eth3,0.00,0.00,0.00,0,0,0.00,0.00,0.00,0,0,0.00,0.00,0,0
1690304275.476331,s7-eth4,0.00,137.86,137.86,138,0,0.00,1.00,1.00,1,0,0.00,0.00,0,0
1690304275.476345,lo,3515.48,3515.48,7030.97,3519,3519,53.95,53.95,107.89,54,54,0.00,0.00,0,0
1690304275.476362,s6-eth2,0.00,0.00,0.00,0,0,0.00,0.00,0.00,0,0,0.00,0.00,0,0
1690304275.476365,s4-eth2,137.86,0.00,137.86,0,138,1.00,0.00,1.00,0,1,0.00,0.00,0,0
1690304275.476369,s2-eth1,137.86,0.00,137.86,0,138,1.00,0.00,1.00,0,1,0.00,0.00,0,0
1690304275.476373,eth0,0.00,0.00,0.00,0,0,0.00,0.00,0.00,0,0,0.00,0.00,0,0
1690304275.476377,s5-eth1,0.00,0.00,0.00,0,0,0.00,0.00,0.00,0,0,0.00,0.00,0,0
1690304275.476380,s7-eth1,137.86,137.86,275.72,138,138,1.00,1.00,2.00,1,1,0.00,0.00,0,0
1690304275.476384,s1-eth4,137.86,0.00,137.86,0,138,1.00,0.00,1.00,0,1,0.00,0.00,0,0
1690304275.476388,s7-eth5,0.00,0.00,0.00,0,0,0.00,0.00,0.00,0,0,0.00,0.00,0,0
1690304275.476728,e2-eth1,97.90,97.90,195.80,98,98,1.00,1.00,2.00,1,1,0.00,0.00,0,0
1690304275.481143,s3-eth1,0.00,0.00,0.00,0,0,0.00,0.00,0.00,0,0,0.00,0.00,0,0
1690304275.481154,s2-eth2,0.00,137.31,137.31,138,0,0.00,1.00,1.00,1,0,0.00,0.00,0,0
1690304275.481160,s1-eth1,137.31,137.31,274.63,138,138,1.00,1.00,1.99,1,1,0.00,0.00,0,0
1690304275.481166,s5-eth2,0.00,0.00,0.00,0,0,0.00,0.00,0.00,0,0,0.00,0.00,0,0
1690304275.481171,s7-eth2,137.31,0.00,137.31,0,138,1.00,0.00,1.00,0,1,0.00,0.00,0,0
1690304275.481176,total,4795.02,4795.02,9590.05,4819,4819,63.68,63.68,127.36,64,64,0.00,0.00,0,0
1690304276.481644,s1-eth5,0.00,0.00,0.00,0,0,0.00,0.00,0.00,0,0,0.00,0.00,0,0
1690304276.482931,s7-eth6,137.18,0.00,137.18,0,138,0.99,0.00,0.99,0,1,0.00,0.00,0,0
1690304276.482959,e2-eth2,137.18,137.18,274.35,138,138,0.99,0.99,1.99,1,1,0.00,0.00,0,0
1690304276.482974,s3-eth2,0.00,0.00,0.00,0,0,0.00,0.00,0.00,0,0,0.00,0.00,0,0
1690304276.482986,e1-eth1,97.42,97.42,194.83,98,98,0.99,0.99,1.99,1,1,0.00,0.00,0,0
1690304276.482999,s1-eth2,0.00,0.00,0.00,0,0,0.00,0.00,0.00,0,0,0.00,0.00,0,0
1690304276.483062,s7-eth3,0.00,0.00,0.00,0,0,0.00,0.00,0.00,0,0,0.00,0.00,0,0
1690304276.483088,s6-eth1,137.18,0.00,137.18,0,138,0.99,0.00,0.99,0,1,0.00,0.00,0,0
1690304276.483103,s1-eth6,0.00,137.18,137.18,138,0,0.00,0.99,0.99,1,0,0.00,0.00,0,0
1690304276.483113,s4-eth1,0.00,137.18,137.18,138,0,0.00,0.99,0.99,1,0,0.00,0.00,0,0
1690304276.483123,e1-eth2,137.18,137.18,274.35,138,138,0.99,0.99,1.99,1,1,0.00,0.00,0,0
1690304276.483133,s1-eth3,0.00,0.00,0.00,0,0,0.00,0.00,0.00,0,0,0.00,0.00,0,0
1690304276.483143,s7-eth4,0.00,137.18,137.18,138,0,0.00,0.99,0.99,1,0,0.00,0.00,0,0
1690304276.483154,lo,3886.68,3886.68,7773.36,3910,3910,59.64,59.64,119.28,60,60,0.00,0.00,0,0
1690304276.483194,s6-eth2,0.00,137.18,137.18,138,0,0.00,0.99,0.99,1,0,0.00,0.00,0,0
1690304276.483204,s4-eth2,137.18,0.00,137.18,0,138,0.99,0.00,0.99,0,1,0.00,0.00,0,0
1690304276.483214,s2-eth1,0.00,0.00,0.00,0,0,0.00,0.00,0.00,0,0,0.00,0.00,0,0
1690304276.483225,eth0,0.00,0.00,0.00,0,0,0.00,0.00,0.00,0,0,0.00,0.00,0,0
1690304276.483234,s5-eth1,0.00,0.00,0.00,0,0,0.00,0.00,0.00,0,0,0.00,0.00,0,0
1690304276.483244,s7-eth1,137.18,137.18,274.35,138,138,0.99,0.99,1.99,1,1,0.00,0.00,0,0
1690304276.483254,s1-eth4,137.18,0.00,137.18,0,138,0.99,0.00,0.99,0,1,0.00,0.00,0,0
1690304276.483276,s7-eth5,0.00,0.00,0.00,0,0,0.00,0.00,0.00,0,0,0.00,0.00,0,0
1690304276.483286,e2-eth1,97.42,97.42,194.83,98,98,0.99,0.99,1.99,1,1,0.00,0.00,0,0
1690304276.483308,s3-eth1,0.00,0.00,0.00,0,0,0.00,0.00,0.00,0,0,0.00,0.00,0,0
1690304276.483318,s2-eth2,0.00,0.00,0.00,0,0,0.00,0.00,0.00,0,0,0.00,0.00,0,0
1690304276.483327,s1-eth1,137.72,137.72,275.45,138,138,1.00,1.00,2.00,1,1,0.00,0.00,0,0
1690304276.483338,s5-eth2,0.00,0.00,0.00,0,0,0.00,0.00,0.00,0,0,0.00,0.00,0,0
1690304276.483347,s7-eth2,0.00,0.00,0.00,0,0,0.00,0.00,0.00,0,0,0.00,0.00,0,0
1690304276.483356,total,5199.60,5199.60,10399.20,5210,5210,69.86,69.86,139.72,70,70,0.00,0.00,0,0
1690304277.485154,s1-eth5,0.00,0.00,0.00,0,0,0.00,0.00,0.00,0,0,0.00,0.00,0,0
1690304277.485212,s7-eth6,0.00,0.00,0.00,0,0,0.00,0.00,0.00,0,0,0.00,0.00,0,0
1690304277.485249,e2-eth2,137.72,137.72,275.45,138,138,1.00,1.00,2.00,1,1,0.00,0.00,0,0
1690304277.485265,s3-eth2,0.00,0.00,0.00,0,0,0.00,0.00,0.00,0,0,0.00,0.00,0,0
1690304277.485278,e1-eth1,97.80,97.80,195.61,98,98,1.00,1.00,2.00,1,1,0.00,0.00,0,0
1690304277.485293,s1-eth2,0.00,137.72,137.72,138,0,0.00,1.00,1.00,1,0,0.00,0.00,0,0
1690304277.485342,s7-eth3,0.00,0.00,0.00,0,0,0.00,0.00,0.00,0,0,0.00,0.00,0,0
1690304277.485495,s6-eth1,0.00,0.00,0.00,0,0,0.00,0.00,0.00,0,0,0.00,0.00,0,0
1690304277.485519,s1-eth6,0.00,0.00,0.00,0,0,0.00,0.00,0.00,0,0,0.00,0.00,0,0
1690304277.485815,s4-eth1,0.00,137.72,137.72,138,0,0.00,1.00,1.00,1,0,0.00,0.00,0,0
1690304277.485845,e1-eth2,137.72,137.72,275.45,138,138,1.00,1.00,2.00,1,1,0.00,0.00,0,0
1690304277.485860,s1-eth3,0.00,0.00,0.00,0,0,0.00,0.00,0.00,0,0,0.00,0.00,0,0
1690304277.485873,s7-eth4,0.00,137.72,137.72,138,0,0.00,1.00,1.00,1,0,0.00,0.00,0,0
1690304277.485887,lo,3511.98,3511.98,7023.95,3519,3519,53.89,53.89,107.78,54,54,0.00,0.00,0,0
1690304277.485943,s6-eth2,0.00,0.00,0.00,0,0,0.00,0.00,0.00,0,0,0.00,0.00,0,0
1690304277.485957,s4-eth2,137.72,0.00,137.72,0,138,1.00,0.00,1.00,0,1,0.00,0.00,0,0
1690304277.485971,s2-eth1,137.72,0.00,137.72,0,138,1.00,0.00,1.00,0,1,0.00,0.00,0,0
1690304277.485985,eth0,0.00,59.88,59.88,60,0,0.00,1.00,1.00,1,0,0.00,0.00,0,0
1690304277.485999,s5-eth1,0.00,0.00,0.00,0,0,0.00,0.00,0.00,0,0,0.00,0.00,0,0
1690304277.486012,s7-eth1,137.72,137.72,275.45,138,138,1.00,1.00,2.00,1,1,0.00,0.00,0,0
1690304277.486025,s1-eth4,137.72,0.00,137.72,0,138,1.00,0.00,1.00,0,1,0.00,0.00,0,0
1690304277.486038,s7-eth5,0.00,0.00,0.00,0,0,0.00,0.00,0.00,0,0,0.00,0.00,0,0
1690304277.486051,e2-eth1,97.80,97.80,195.61,98,98,1.00,1.00,2.00,1,1,0.00,0.00,0,0
1690304277.486080,s3-eth1,0.00,0.00,0.00,0,0,0.00,0.00,0.00,0,0,0.00,0.00,0,0
1690304277.486092,s2-eth2,0.00,137.72,137.72,138,0,0.00,1.00,1.00,1,0,0.00,0.00,0,0
1690304277.486122,s1-eth1,137.72,137.72,275.45,138,138,1.00,1.00,2.00,1,1,0.00,0.00,0,0
1690304277.486135,s5-eth2,0.00,0.00,0.00,0,0,0.00,0.00,0.00,0,0,0.00,0.00,0,0
1690304277.486148,s7-eth2,137.72,0.00,137.72,0,138,1.00,0.00,1.00,0,1,0.00,0.00,0,0
1690304277.486159,total,4809.38,4869.26,9678.64,4879,4819,63.87,64.87,128.74,65,64,0.00,0.00,0,0
1690304278.487145,s1-eth5,0.00,0.00,0.00,0,0,0.00,0.00,0.00,0,0,0.00,0.00,0,0
1690304278.487824,s7-eth6,137.72,0.00,137.72,0,138,1.00,0.00,1.00,0,1,0.00,0.00,0,0
1690304278.487854,e2-eth2,137.72,137.72,275.45,138,138,1.00,1.00,2.00,1,1,0.00,0.00,0,0
1690304278.487867,s3-eth2,0.00,0.00,0.00,0,0,0.00,0.00,0.00,0,0,0.00,0.00,0,0
1690304278.487878,e1-eth1,97.80,97.80,195.61,98,98,1.00,1.00,2.00,1,1,0.00,0.00,0,0
1690304278.487889,s1-eth2,0.00,0.00,0.00,0,0,0.00,0.00,0.00,0,0,0.00,0.00,0,0
1690304278.487936,s7-eth3,0.00,0.00,0.00,0,0,0.00,0.00,0.00,0,0,0.00,0.00,0,0
1690304278.487947,s6-eth1,137.72,0.00,137.72,0,138,1.00,0.00,1.00,0,1,0.00,0.00,0,0
1690304278.487959,s1-eth6,0.00,137.72,137.72,138,0,0.00,1.00,1.00,1,0,0.00,0.00,0,0
1690304278.487970,s4-eth1,0.00,137.72,137.72,138,0,0.00,1.00,1.00,1,0,0.00,0.00,0,0
1690304278.487981,e1-eth2,137.72,137.72,275.45,138,138,1.00,1.00,2.00,1,1,0.00,0.00,0,0
1690304278.487992,s1-eth3,0.00,0.00,0.00,0,0,0.00,0.00,0.00,0,0,0.00,0.00,0,0
1690304278.488002,s7-eth4,0.00,137.72,137.72,138,0,0.00,1.00,1.00,1,0,0.00,0.00,0,0
1690304278.488033,lo,3345.31,3345.31,6690.62,3352,3352,51.90,51.90,103.79,52,52,0.00,0.00,0,0
1690304278.488078,s6-eth2,0.00,137.72,137.72,138,0,0.00,1.00,1.00,1,0,0.00,0.00,0,0
1690304278.488090,s4-eth2,137.72,0.00,137.72,0,138,1.00,0.00,1.00,0,1,0.00,0.00,0,0
1690304278.488101,s2-eth1,0.00,0.00,0.00,0,0,0.00,0.00,0.00,0,0,0.00,0.00,0,0
1690304278.488113,eth0,0.00,0.00,0.00,0,0,0.00,0.00,0.00,0,0,0.00,0.00,0,0
1690304278.488124,s5-eth1,0.00,0.00,0.00,0,0,0.00,0.00,0.00,0,0,0.00,0.00,0,0
1690304278.488144,s7-eth1,137.72,137.72,275.45,138,138,1.00,1.00,2.00,1,1,0.00,0.00,0,0
1690304278.488156,s1-eth4,137.72,0.00,137.72,0,138,1.00,0.00,1.00,0,1,0.00,0.00,0,0
1690304278.488167,s7-eth5,0.00,0.00,0.00,0,0,0.00,0.00,0.00,0,0,0.00,0.00,0,0
1690304278.488177,e2-eth1,97.80,97.80,195.61,98,98,1.00,1.00,2.00,1,1,0.00,0.00,0,0
1690304278.488203,s3-eth1,0.00,0.00,0.00,0,0,0.00,0.00,0.00,0,0,0.00,0.00,0,0
1690304278.488214,s2-eth2,0.00,0.00,0.00,0,0,0.00,0.00,0.00,0,0,0.00,0.00,0,0
1690304278.488225,s1-eth1,137.72,137.72,275.45,138,138,1.00,1.00,2.00,1,1,0.00,0.00,0,0
1690304278.488236,s5-eth2,0.00,0.00,0.00,0,0,0.00,0.00,0.00,0,0,0.00,0.00,0,0
1690304278.488247,s7-eth2,0.00,0.00,0.00,0,0,0.00,0.00,0.00,0,0,0.00,0.00,0,0
1690304278.488256,total,4642.71,4642.71,9285.43,4652,4652,61.88,61.88,123.75,62,62,0.00,0.00,0,0
1690304279.489598,s1-eth5,0.00,0.00,0.00,0,0,0.00,0.00,0.00,0,0,0.00,0.00,0,0
1690304279.489650,s7-eth6,0.00,0.00,0.00,0,0,0.00,0.00,0.00,0,0,0.00,0.00,0,0
1690304279.489664,e2-eth2,137.86,137.86,275.72,138,138,1.00,1.00,2.00,1,1,0.00,0.00,0,0
1690304279.489679,s3-eth2,0.00,137.86,137.86,138,0,0.00,1.00,1.00,1,0,0.00,0.00,0,0
1690304279.489691,e1-eth1,97.90,97.90,195.80,98,98,1.00,1.00,2.00,1,1,0.00,0.00,0,0
1690304279.489704,s1-eth2,0.00,0.00,0.00,0,0,0.00,0.00,0.00,0,0,0.00,0.00,0,0
1690304279.489748,s7-eth3,137.86,0.00,137.86,0,138,1.00,0.00,1.00,0,1,0.00,0.00,0,0
1690304279.489761,s6-eth1,0.00,0.00,0.00,0,0,0.00,0.00,0.00,0,0,0.00,0.00,0,0
1690304279.489772,s1-eth6,0.00,0.00,0.00,0,0,0.00,0.00,0.00,0,0,0.00,0.00,0,0
1690304279.489784,s4-eth1,0.00,137.86,137.86,138,0,0.00,1.00,1.00,1,0,0.00,0.00,0,0
1690304279.489795,e1-eth2,137.86,137.86,275.72,138,138,1.00,1.00,2.00,1,1,0.00,0.00,0,0
1690304279.489807,s1-eth3,0.00,137.86,137.86,138,0,0.00,1.00,1.00,1,0,0.00,0.00,0,0
1690304279.489820,s7-eth4,0.00,137.86,137.86,138,0,0.00,1.00,1.00,1,0,0.00,0.00,0,0
1690304279.489848,lo,3682.32,3682.32,7364.64,3686,3686,55.94,55.94,111.89,56,56,0.00,0.00,0,0
1690304279.489895,s6-eth2,0.00,0.00,0.00,0,0,0.00,0.00,0.00,0,0,0.00,0.00,0,0
1690304279.489908,s4-eth2,137.86,0.00,137.86,0,138,1.00,0.00,1.00,0,1,0.00,0.00,0,0
1690304279.489920,s2-eth1,0.00,0.00,0.00,0,0,0.00,0.00,0.00,0,0,0.00,0.00,0,0
1690304279.489932,eth0,0.00,0.00,0.00,0,0,0.00,0.00,0.00,0,0,0.00,0.00,0,0
1690304279.489944,s5-eth1,0.00,0.00,0.00,0,0,0.00,0.00,0.00,0,0,0.00,0.00,0,0
1690304279.489955,s7-eth1,137.86,137.86,275.72,138,138,1.00,1.00,2.00,1,1,0.00,0.00,0,0
1690304279.489967,s1-eth4,137.86,0.00,137.86,0,138,1.00,0.00,1.00,0,1,0.00,0.00,0,0
1690304279.489980,s7-eth5,0.00,0.00,0.00,0,0,0.00,0.00,0.00,0,0,0.00,0.00,0,0
1690304279.489991,e2-eth1,97.90,97.90,195.80,98,98,1.00,1.00,2.00,1,1,0.00,0.00,0,0
1690304279.490019,s3-eth1,137.86,0.00,137.86,0,138,1.00,0.00,1.00,0,1,0.00,0.00,0,0
1690304279.490031,s2-eth2,0.00,0.00,0.00,0,0,0.00,0.00,0.00,0,0,0.00,0.00,0,0
1690304279.490042,s1-eth1,137.86,137.86,275.72,138,138,1.00,1.00,2.00,1,1,0.00,0.00,0,0
1690304279.490055,s5-eth2,0.00,0.00,0.00,0,0,0.00,0.00,0.00,0,0,0.00,0.00,0,0
1690304279.490068,s7-eth2,0.00,0.00,0.00,0,0,0.00,0.00,0.00,0,0,0.00,0.00,0,0
1690304279.490079,total,4981.02,4981.02,9962.04,4986,4986,65.93,65.93,131.87,66,66,0.00,0.00,0,0
1690304280.491152,s1-eth5,0.00,0.00,0.00,0,0,0.00,0.00,0.00,0,0,0.00,0.00,0,0
1690304280.491192,s7-eth6,0.00,0.00,0.00,0,0,0.00,0.00,0.00,0,0,0.00,0.00,0,0
1690304280.491200,e2-eth2,137.86,137.86,275.72,138,138,1.00,1.00,2.00,1,1,0.00,0.00,0,0
1690304280.491208,s3-eth2,0.00,0.00,0.00,0,0,0.00,0.00,0.00,0,0,0.00,0.00,0,0
1690304280.491230,e1-eth1,97.90,97.90,195.80,98,98,1.00,1.00,2.00,1,1,0.00,0.00,0,0
1690304280.491237,s1-eth2,0.00,137.86,137.86,138,0,0.00,1.00,1.00,1,0,0.00,0.00,0,0
1690304280.491264,s7-eth3,0.00,0.00,0.00,0,0,0.00,0.00,0.00,0,0,0.00,0.00,0,0
1690304280.491271,s6-eth1,0.00,0.00,0.00,0,0,0.00,0.00,0.00,0,0,0.00,0.00,0,0
1690304280.491283,s1-eth6,0.00,0.00,0.00,0,0,0.00,0.00,0.00,0,0,0.00,0.00,0,0
1690304280.491290,s4-eth1,0.00,137.86,137.86,138,0,0.00,1.00,1.00,1,0,0.00,0.00,0,0
1690304280.491296,e1-eth2,137.86,137.86,275.72,138,138,1.00,1.00,2.00,1,1,0.00,0.00,0,0
1690304280.491303,s1-eth3,0.00,0.00,0.00,0,0,0.00,0.00,0.00,0,0,0.00,0.00,0,0
1690304280.491310,s7-eth4,0.00,137.86,137.86,138,0,0.00,1.00,1.00,1,0,0.00,0.00,0,0
1690304280.491317,lo,3515.48,3515.48,7030.97,3519,3519,53.95,53.95,107.89,54,54,0.00,0.00,0,0
1690304280.491345,s6-eth2,0.00,0.00,0.00,0,0,0.00,0.00,0.00,0,0,0.00,0.00,0,0
1690304280.491351,s4-eth2,137.86,0.00,137.86,0,138,1.00,0.00,1.00,0,1,0.00,0.00,0,0
1690304280.491358,s2-eth1,137.86,0.00,137.86,0,138,1.00,0.00,1.00,0,1,0.00,0.00,0,0
1690304280.491365,eth0,0.00,0.00,0.00,0,0,0.00,0.00,0.00,0,0,0.00,0.00,0,0
1690304280.491371,s5-eth1,0.00,0.00,0.00,0,0,0.00,0.00,0.00,0,0,0.00,0.00,0,0
1690304280.491378,s7-eth1,137.86,137.86,275.72,138,138,1.00,1.00,2.00,1,1,0.00,0.00,0,0
1690304280.491384,s1-eth4,137.86,0.00,137.86,0,138,1.00,0.00,1.00,0,1,0.00,0.00,0,0
1690304280.491391,s7-eth5,0.00,0.00,0.00,0,0,0.00,0.00,0.00,0,0,0.00,0.00,0,0
1690304280.491397,e2-eth1,97.90,97.90,195.80,98,98,1.00,1.00,2.00,1,1,0.00,0.00,0,0
1690304280.491413,s3-eth1,0.00,0.00,0.00,0,0,0.00,0.00,0.00,0,0,0.00,0.00,0,0
1690304280.491419,s2-eth2,0.00,137.86,137.86,138,0,0.00,1.00,1.00,1,0,0.00,0.00,0,0
1690304280.491426,s1-eth1,137.86,137.86,275.72,138,138,1.00,1.00,2.00,1,1,0.00,0.00,0,0
1690304280.491432,s5-eth2,0.00,0.00,0.00,0,0,0.00,0.00,0.00,0,0,0.00,0.00,0,0
1690304280.491439,s7-eth2,137.86,0.00,137.86,0,138,1.00,0.00,1.00,0,1,0.00,0.00,0,0
1690304280.491444,total,4814.19,4814.19,9628.37,4819,4819,63.94,63.94,127.87,64,64,0.00,0.00,0,0
1690304281.491687,s1-eth5,0.00,0.00,0.00,0,0,0.00,0.00,0.00,0,0,0.00,0.00,0,0
1690304281.491898,s7-eth6,0.00,0.00,0.00,0,0,0.00,0.00,0.00,0,0,0.00,0.00,0,0
1690304281.491920,e2-eth2,138.00,138.00,276.00,138,138,1.00,1.00,2.00,1,1,0.00,0.00,0,0
1690304281.491936,s3-eth2,0.00,0.00,0.00,0,0,0.00,0.00,0.00,0,0,0.00,0.00,0,0
1690304281.491950,e1-eth1,98.00,98.00,196.00,98,98,1.00,1.00,2.00,1,1,0.00,0.00,0,0
1690304281.491964,s1-eth2,0.00,138.00,138.00,138,0,0.00,1.00,1.00,1,0,0.00,0.00,0,0
1690304281.492017,s7-eth3,0.00,0.00,0.00,0,0,0.00,0.00,0.00,0,0,0.00,0.00,0,0
1690304281.492030,s6-eth1,0.00,0.00,0.00,0,0,0.00,0.00,0.00,0,0,0.00,0.00,0,0
1690304281.492043,s1-eth6,0.00,0.00,0.00,0,0,0.00,0.00,0.00,0,0,0.00,0.00,0,0
1690304281.492056,s4-eth1,0.00,138.00,138.00,138,0,0.00,1.00,1.00,1,0,0.00,0.00,0,0
1690304281.492068,e1-eth2,138.00,138.00,276.00,138,138,1.00,1.00,2.00,1,1,0.00,0.00,0,0
1690304281.492081,s1-eth3,0.00,0.00,0.00,0,0,0.00,0.00,0.00,0,0,0.00,0.00,0,0
1690304281.492094,s7-eth4,0.00,138.00,138.00,138,0,0.00,1.00,1.00,1,0,0.00,0.00,0,0
1690304281.492108,lo,3352.00,3352.00,6704.00,3352,3352,52.00,52.00,104.00,52,52,0.00,0.00,0,0
1690304281.492159,s6-eth2,0.00,0.00,0.00,0,0,0.00,0.00,0.00,0,0,0.00,0.00,0,0
1690304281.492181,s4-eth2,138.00,0.00,138.00,0,138,1.00,0.00,1.00,0,1,0.00,0.00,0,0
1690304281.492195,s2-eth1,138.00,0.00,138.00,0,138,1.00,0.00,1.00,0,1,0.00,0.00,0,0
1690304281.492210,eth0,0.00,0.00,0.00,0,0,0.00,0.00,0.00,0,0,0.00,0.00,0,0
1690304281.492222,s5-eth1,0.00,0.00,0.00,0,0,0.00,0.00,0.00,0,0,0.00,0.00,0,0
1690304281.492235,s7-eth1,138.00,138.00,276.00,138,138,1.00,1.00,2.00,1,1,0.00,0.00,0,0
1690304281.492248,s1-eth4,138.00,0.00,138.00,0,138,1.00,0.00,1.00,0,1,0.00,0.00,0,0
1690304281.492261,s7-eth5,0.00,0.00,0.00,0,0,0.00,0.00,0.00,0,0,0.00,0.00,0,0
1690304281.492273,e2-eth1,98.00,98.00,196.00,98,98,1.00,1.00,2.00,1,1,0.00,0.00,0,0
1690304281.492303,s3-eth1,0.00,0.00,0.00,0,0,0.00,0.00,0.00,0,0,0.00,0.00,0,0
1690304281.492315,s2-eth2,0.00,138.00,138.00,138,0,0.00,1.00,1.00,1,0,0.00,0.00,0,0
1690304281.492347,s1-eth1,138.00,138.00,276.00,138,138,1.00,1.00,2.00,1,1,0.00,0.00,0,0
1690304281.492360,s5-eth2,0.00,0.00,0.00,0,0,0.00,0.00,0.00,0,0,0.00,0.00,0,0
1690304281.492373,s7-eth2,138.00,0.00,138.00,0,138,1.00,0.00,1.00,0,1,0.00,0.00,0,0
1690304281.492384,total,4652.00,4652.00,9304.00,4652,4652,62.00,62.00,124.00,62,62,0.00,0.00,0,0
1690304282.494686,s1-eth5,0.00,137.72,137.72,138,0,0.00,1.00,1.00,1,0,0.00,0.00,0,0
1690304282.494747,s7-eth6,0.00,0.00,0.00,0,0,0.00,0.00,0.00,0,0,0.00,0.00,0,0
1690304282.494763,e2-eth2,137.72,137.72,275.45,138,138,1.00,1.00,2.00,1,1,0.00,0.00,0,0
1690304282.494778,s3-eth2,0.00,0.00,0.00,0,0,0.00,0.00,0.00,0,0,0.00,0.00,0,0
1690304282.494791,e1-eth1,97.80,97.80,195.61,98,98,1.00,1.00,2.00,1,1,0.00,0.00,0,0
1690304282.494805,s1-eth2,0.00,0.00,0.00,0,0,0.00,0.00,0.00,0,0,0.00,0.00,0,0
1690304282.494852,s7-eth3,0.00,0.00,0.00,0,0,0.00,0.00,0.00,0,0,0.00,0.00,0,0
1690304282.494865,s6-eth1,0.00,0.00,0.00,0,0,0.00,0.00,0.00,0,0,0.00,0.00,0,0
1690304282.494878,s1-eth6,0.00,0.00,0.00,0,0,0.00,0.00,0.00,0,0,0.00,0.00,0,0
1690304282.494890,s4-eth1,0.00,137.72,137.72,138,0,0.00,1.00,1.00,1,0,0.00,0.00,0,0
1690304282.494903,e1-eth2,137.72,137.72,275.45,138,138,1.00,1.00,2.00,1,1,0.00,0.00,0,0
1690304282.494917,s1-eth3,0.00,0.00,0.00,0,0,0.00,0.00,0.00,0,0,0.00,0.00,0,0
1690304282.494929,s7-eth4,0.00,137.72,137.72,138,0,0.00,1.00,1.00,1,0,0.00,0.00,0,0
1690304282.494944,lo,3678.64,3678.64,7357.29,3686,3686,55.89,55.89,111.78,56,56,0.00,0.00,0,0
1690304282.494995,s6-eth2,0.00,0.00,0.00,0,0,0.00,0.00,0.00,0,0,0.00,0.00,0,0
1690304282.495008,s4-eth2,137.72,0.00,137.72,0,138,1.00,0.00,1.00,0,1,0.00,0.00,0,0
1690304282.495021,s2-eth1,0.00,0.00,0.00,0,0,0.00,0.00,0.00,0,0,0.00,0.00,0,0
1690304282.495035,eth0,0.00,59.88,59.88,60,0,0.00,1.00,1.00,1,0,0.00,0.00,0,0
1690304282.495049,s5-eth1,137.72,0.00,137.72,0,138,1.00,0.00,1.00,0,1,0.00,0.00,0,0
1690304282.495061,s7-eth1,137.72,137.72,275.45,138,138,1.00,1.00,2.00,1,1,0.00,0.00,0,0
1690304282.495075,s1-eth4,137.72,0.00,137.72,0,138,1.00,0.00,1.00,0,1,0.00,0.00,0,0
1690304282.495088,s7-eth5,137.72,0.00,137.72,0,138,1.00,0.00,1.00,0,1,0.00,0.00,0,0
1690304282.495101,e2-eth1,97.80,97.80,195.61,98,98,1.00,1.00,2.00,1,1,0.00,0.00,0,0
1690304282.495132,s3-eth1,0.00,0.00,0.00,0,0,0.00,0.00,0.00,0,0,0.00,0.00,0,0
1690304282.495145,s2-eth2,0.00,0.00,0.00,0,0,0.00,0.00,0.00,0,0,0.00,0.00,0,0
1690304282.495157,s1-eth1,137.72,137.72,275.45,138,138,1.00,1.00,2.00,1,1,0.00,0.00,0,0
1690304282.495170,s5-eth2,0.00,137.72,137.72,138,0,0.00,1.00,1.00,1,0,0.00,0.00,0,0
1690304282.495183,s7-eth2,0.00,0.00,0.00,0,0,0.00,0.00,0.00,0,0,0.00,0.00,0,0
1690304282.495194,total,4976.05,5035.93,10011.98,5046,4986,65.87,66.87,132.73,67,66,0.00,0.00,0,0
Start Time: 2023-07-25 16:57:29
End Time: 2023-07-25 16:58:02
