1690488741.135419,s4-eth1,0.00,0.00,0.00,0,0,0.00,0.00,0.00,0,0,0.00,0.00,0,0
1690488741.135633,s1-eth4,0.00,0.00,0.00,0,0,0.00,0.00,0.00,0,0,0.00,0.00,0,0
1690488741.135666,s7-eth1,0.00,0.00,0.00,0,0,0.00,0.00,0.00,0,0,0.00,0.00,0,0
1690488741.135696,e2-eth2,0.00,0.00,0.00,0,0,0.00,0.00,0.00,0,0,0.00,0.00,0,0
1690488741.135723,s2-eth2,0.00,0.00,0.00,0,0,0.00,0.00,0.00,0,0,0.00,0.00,0,0
1690488741.135748,s3-eth2,0.00,0.00,0.00,0,0,0.00,0.00,0.00,0,0,0.00,0.00,0,0
1690488741.136244,s7-eth5,0.00,0.00,0.00,0,0,0.00,0.00,0.00,0,0,0.00,0.00,0,0
1690488741.136351,e1-eth2,0.00,0.00,0.00,0,0,0.00,0.00,0.00,0,0,0.00,0.00,0,0
1690488741.136381,s1-eth1,0.00,0.00,0.00,0,0,0.00,0.00,0.00,0,0,0.00,0.00,0,0
1690488741.136406,s4-eth2,0.00,0.00,0.00,0,0,0.00,0.00,0.00,0,0,0.00,0.00,0,0
1690488741.136437,s5-eth1,0.00,0.00,0.00,0,0,0.00,0.00,0.00,0,0,0.00,0.00,0,0
1690488741.136587,s1-eth5,0.00,0.00,0.00,0,0,0.00,0.00,0.00,0,0,0.00,0.00,0,0
1690488741.136623,s7-eth2,0.00,0.00,0.00,0,0,0.00,0.00,0.00,0,0,0.00,0.00,0,0
1690488741.136649,s7-eth6,0.00,0.00,0.00,0,0,0.00,0.00,0.00,0,0,0.00,0.00,0,0
1690488741.137251,lo,0.00,0.00,0.00,0,0,0.00,0.00,0.00,0,0,0.00,0.00,0,0
1690488741.137347,s1-eth2,0.00,0.00,0.00,0,0,0.00,0.00,0.00,0,0,0.00,0.00,0,0
1690488741.137377,s5-eth2,0.00,0.00,0.00,0,0,0.00,0.00,0.00,0,0,0.00,0.00,0,0
1690488741.137402,s1-eth6,0.00,0.00,0.00,0,0,0.00,0.00,0.00,0,0,0.00,0.00,0,0
1690488741.137428,s7-eth3,0.00,0.00,0.00,0,0,0.00,0.00,0.00,0,0,0.00,0.00,0,0
1690488741.137460,s6-eth1,0.00,0.00,0.00,0,0,0.00,0.00,0.00,0,0,0.00,0.00,0,0
1690488741.138063,s1-eth3,0.00,0.00,0.00,0,0,0.00,0.00,0.00,0,0,0.00,0.00,0,0
1690488741.138107,e2-eth1,0.00,0.00,0.00,0,0,0.00,0.00,0.00,0,0,0.00,0.00,0,0
1690488741.138133,s2-eth1,0.00,0.00,0.00,0,0,0.00,0.00,0.00,0,0,0.00,0.00,0,0
1690488741.138167,eth0,0.00,0.00,0.00,0,0,0.00,0.00,0.00,0,0,0.00,0.00,0,0
1690488741.138315,s3-eth1,0.00,0.00,0.00,0,0,0.00,0.00,0.00,0,0,0.00,0.00,0,0
1690488741.138420,s6-eth2,0.00,0.00,0.00,0,0,0.00,0.00,0.00,0,0,0.00,0.00,0,0
1690488741.138973,s7-eth4,0.00,0.00,0.00,0,0,0.00,0.00,0.00,0,0,0.00,0.00,0,0
1690488741.139016,e1-eth1,0.00,0.00,0.00,0,0,0.00,0.00,0.00,0,0,0.00,0.00,0,0
1690488741.139042,total,0.00,0.00,0.00,0,0,0.00,0.00,0.00,0,0,0.00,0.00,0,0
1690488742.164142,s4-eth1,0.00,1284081.62,1284081.62,1321320,0,0.00,897.96,897.96,924,0,0.00,0.00,0,0
1690488742.164176,s1-eth4,1285330.75,0.00,1285330.75,0,1321320,898.83,0.00,898.83,0,924,0.00,0.00,0,0
1690488742.164182,s7-eth1,1285330.75,0.00,1285330.75,0,1321320,898.83,0.00,898.83,0,924,0.00,0.00,0,0
1690488742.164187,e2-eth2,0.00,1285330.75,1285330.75,1321320,0,0.00,898.83,898.83,924,0,0.00,0.00,0,0
1690488742.164191,s2-eth2,0.00,0.00,0.00,0,0,0.00,0.00,0.00,0,0,0.00,0.00,0,0
1690488742.164221,s3-eth2,0.00,0.00,0.00,0,0,0.00,0.00,0.00,0,0,0.00,0.00,0,0
1690488742.164241,s7-eth5,0.00,0.00,0.00,0,0,0.00,0.00,0.00,0,0,0.00,0.00,0,0
1690488742.164245,e1-eth2,1283797.50,0.00,1283797.50,0,1318460,897.76,0.00,897.76,0,922,0.00,0.00,0,0
1690488742.164249,s1-eth1,0.00,1283797.50,1283797.50,1318460,0,0.00,897.76,897.76,922,0,0.00,0.00,0,0
1690488742.164254,s4-eth2,1285189.88,0.00,1285189.88,0,1319890,898.73,0.00,898.73,0,923,0.00,0.00,0,0
1690488742.164258,s5-eth1,0.00,0.00,0.00,0,0,0.00,0.00,0.00,0,0,0.00,0.00,0,0
1690488742.164261,s1-eth5,0.00,0.00,0.00,0,0,0.00,0.00,0.00,0,0,0.00,0.00,0,0
1690488742.164265,s7-eth2,0.00,0.00,0.00,0,0,0.00,0.00,0.00,0,0,0.00,0.00,0,0
1690488742.164268,s7-eth6,0.00,0.00,0.00,0,0,0.00,0.00,0.00,0,0,0.00,0.00,0,0
1690488742.164286,lo,3426.48,3426.48,6852.97,3519,3519,52.58,52.58,105.16,54,54,0.00,0.00,0,0
1690488742.164290,s1-eth2,0.00,0.00,0.00,0,0,0.00,0.00,0.00,0,0,0.00,0.00,0,0
1690488742.164294,s5-eth2,0.00,0.00,0.00,0,0,0.00,0.00,0.00,0,0,0.00,0.00,0,0
1690488742.164297,s1-eth6,0.00,0.00,0.00,0,0,0.00,0.00,0.00,0,0,0.00,0.00,0,0
1690488742.164301,s7-eth3,0.00,0.00,0.00,0,0,0.00,0.00,0.00,0,0,0.00,0.00,0,0
1690488742.164304,s6-eth1,0.00,0.00,0.00,0,0,0.00,0.00,0.00,0,0,0.00,0.00,0,0
1690488742.164308,s1-eth3,0.00,0.00,0.00,0,0,0.00,0.00,0.00,0,0,0.00,0.00,0,0
1690488742.164311,e2-eth1,1249103.25,0.00,1249103.25,0,1281580,898.64,0.00,898.64,0,922,0.00,0.00,0,0
1690488742.164380,s2-eth1,0.00,0.00,0.00,0,0,0.00,0.00,0.00,0,0,0.00,0.00,0,0
1690488742.164392,eth0,0.00,58.48,58.48,60,0,0.00,0.97,0.97,1,0,0.00,0.00,0,0
1690488742.164397,s3-eth1,0.00,0.00,0.00,0,0,0.00,0.00,0.00,0,0,0.00,0.00,0,0
1690488742.164401,s6-eth2,0.00,0.00,0.00,0,0,0.00,0.00,0.00,0,0,0.00,0.00,0,0
1690488742.164405,s7-eth4,0.00,1284907.38,1284907.38,1317030,0,0.00,898.54,898.54,921,0,0.00,0.00,0,0
1690488742.164410,e1-eth1,0.00,1289648.75,1289648.75,1321890,0,0.00,927.80,927.80,951,0,0.00,0.00,0,0
1690488742.164415,total,6405940.50,6442536.00,12848476.00,6603599,6566089,4555.12,4582.44,9137.56,4697,4669,0.00,0.00,0,0
1690488743.164801,s4-eth1,0.00,125840.00,125840.00,125840,0,0.00,88.00,88.00,88,0,0.00,0.00,0,0
1690488743.164876,s1-eth4,125840.00,0.00,125840.00,0,125840,88.00,0.00,88.00,0,88,0.00,0.00,0,0
1690488743.164884,s7-eth1,1369940.00,0.00,1369940.00,0,1369940,958.00,0.00,958.00,0,958,0.00,0.00,0,0
1690488743.164888,e2-eth2,0.00,1369940.00,1369940.00,1369940,0,0.00,958.00,958.00,958,0,0.00,0.00,0,0
1690488743.164893,s2-eth2,420420.00,0.00,420420.00,0,420420,294.00,0.00,294.00,0,294,0.00,0.00,0,0
1690488743.164897,s3-eth2,200200.00,0.00,200200.00,0,200200,140.00,0.00,140.00,0,140,0.00,0.00,0,0
1690488743.164913,s7-eth5,0.00,404690.00,404690.00,404690,0,0.00,283.00,283.00,283,0,0.00,0.00,0,0
1690488743.164917,e1-eth2,1371370.00,0.00,1371370.00,0,1371370,959.00,0.00,959.00,0,959,0.00,0.00,0,0
1690488743.164961,s1-eth1,0.00,1371370.00,1371370.00,1371370,0,0.00,959.00,959.00,959,0,0.00,0.00,0,0
1690488743.166667,s4-eth2,125588.83,0.00,125588.83,0,125840,87.82,0.00,87.82,0,88,0.00,0.00,0,0
1690488743.166681,s5-eth1,0.00,403882.25,403882.25,404690,0,0.00,282.44,282.44,283,0,0.00,0.00,0,0
1690488743.166687,s1-eth5,403882.25,0.00,403882.25,0,404690,282.44,0.00,282.44,0,283,0.00,0.00,0,0
1690488743.166692,s7-eth2,0.00,419580.84,419580.84,420420,0,0.00,293.41,293.41,294,0,0.00,0.00,0,0
1690488743.166697,s7-eth6,0.00,219780.44,219780.44,220220,0,0.00,153.69,153.69,154,0,0.00,0.00,0,0
1690488743.166719,lo,25420.16,25420.16,50840.32,25471,25471,71.86,71.86,143.71,72,72,0.00,0.00,0,0
1690488743.166724,s1-eth2,419580.84,0.00,419580.84,0,420420,293.41,0.00,293.41,0,294,0.00,0.00,0,0
1690488743.166729,s5-eth2,405309.41,0.00,405309.41,0,406120,283.43,0.00,283.43,0,284,0.00,0.00,0,0
1690488743.166733,s1-eth6,219780.44,0.00,219780.44,0,220220,153.69,0.00,153.69,0,154,0.00,0.00,0,0
1690488743.166738,s7-eth3,0.00,199800.41,199800.41,200200,0,0.00,139.72,139.72,140,0,0.00,0.00,0,0
1690488743.166742,s6-eth1,0.00,219780.44,219780.44,220220,0,0.00,153.69,153.69,154,0,0.00,0.00,0,0
1690488743.166747,s1-eth3,199800.41,0.00,199800.41,0,200200,139.72,0.00,139.72,0,140,0.00,0.00,0,0
1690488743.166751,e2-eth1,1330349.38,0.00,1330349.38,0,1333010,957.09,0.00,957.09,0,959,0.00,0.00,0,0
1690488743.166756,s2-eth1,0.00,419580.84,419580.84,420420,0,0.00,293.41,293.41,294,0,0.00,0.00,0,0
1690488743.166773,eth0,0.00,59.88,59.88,60,0,0.00,1.00,1.00,1,0,0.00,0.00,0,0
1690488743.166779,s3-eth1,0.00,199800.41,199800.41,200200,0,0.00,139.72,139.72,140,0,0.00,0.00,0,0
1690488743.166783,s6-eth2,219780.44,0.00,219780.44,0,220220,153.69,0.00,153.69,0,154,0.00,0.00,0,0
1690488743.166788,s7-eth4,0.00,125588.83,125588.83,125840,0,0.00,87.82,87.82,88,0,0.00,0.00,0,0
1690488743.166793,e1-eth1,0.00,1290119.75,1290119.75,1292700,0,0.00,928.14,928.14,930,0,0.00,0.00,0,0
1690488743.166797,total,6830300.50,6788704.00,13619004.00,6802281,6843961,4857.29,4828.34,9685.63,4838,4867,0.00,0.00,0,0
1690488744.167417,s4-eth1,0.00,0.00,0.00,0,0,0.00,0.00,0.00,0,0,0.00,0.00,0,0
1690488744.167690,s1-eth4,0.00,0.00,0.00,0,0,0.00,0.00,0.00,0,0,0.00,0.00,0,0
1690488744.167871,s7-eth1,1321537.00,0.00,1321537.00,0,1324180,924.15,0.00,924.15,0,926,0.00,0.00,0,0
1690488744.167879,e2-eth2,0.00,1321537.00,1321537.00,1324180,0,0.00,924.15,924.15,926,0,0.00,0.00,0,0
1690488744.167884,s2-eth2,476666.69,0.00,476666.69,0,477620,333.33,0.00,333.33,0,334,0.00,0.00,0,0
1690488744.167889,s3-eth2,219780.44,0.00,219780.44,0,220220,153.69,0.00,153.69,0,154,0.00,0.00,0,0
1690488744.167924,s7-eth5,0.00,441974.09,441974.09,443300,0,0.00,309.07,309.07,310,0,0.00,0.00,0,0
1690488744.167929,e1-eth2,1324496.50,0.00,1324496.50,0,1328470,926.22,0.00,926.22,0,929,0.00,0.00,0,0
1690488744.167934,s1-eth1,0.00,1325818.38,1325818.38,1328470,0,0.00,927.15,927.15,929,0,0.00,0.00,0,0
1690488744.167939,s4-eth2,0.00,0.00,0.00,0,0,0.00,0.00,0.00,0,0,0.00,0.00,0,0
1690488744.167943,s5-eth1,0.00,442857.16,442857.16,443300,0,0.00,309.69,309.69,310,0,0.00,0.00,0,0
1690488744.167948,s1-eth5,442857.16,0.00,442857.16,0,443300,309.69,0.00,309.69,0,310,0.00,0.00,0,0
1690488744.167952,s7-eth2,0.00,477142.88,477142.88,477620,0,0.00,333.67,333.67,334,0,0.00,0.00,0,0
1690488744.167957,s7-eth6,0.00,182857.14,182857.14,183040,0,0.00,127.87,127.87,128,0,0.00,0.00,0,0
1690488744.167975,lo,3515.48,3515.48,7030.97,3519,3519,53.95,53.95,107.89,54,54,0.00,0.00,0,0
1690488744.167980,s1-eth2,480000.00,0.00,480000.00,0,480480,335.66,0.00,335.66,0,336,0.00,0.00,0,0
1690488744.167985,s5-eth2,441428.59,0.00,441428.59,0,441870,308.69,0.00,308.69,0,309,0.00,0.00,0,0
1690488744.167995,s1-eth6,182857.14,0.00,182857.14,0,183040,127.87,0.00,127.87,0,128,0.00,0.00,0,0
1690488744.167999,s7-eth3,0.00,220000.00,220000.00,220220,0,0.00,153.85,153.85,154,0,0.00,0.00,0,0
1690488744.168004,s6-eth1,0.00,182857.14,182857.14,183040,0,0.00,127.87,127.87,128,0,0.00,0.00,0,0
1690488744.168008,s1-eth3,220000.00,0.00,220000.00,0,220220,153.85,0.00,153.85,0,154,0.00,0.00,0,0
1690488744.168013,e2-eth1,1284465.62,0.00,1284465.62,0,1285750,924.08,0.00,924.08,0,925,0.00,0.00,0,0
1690488744.168017,s2-eth1,0.00,480000.00,480000.00,480480,0,0.00,335.66,335.66,336,0,0.00,0.00,0,0
1690488744.168028,eth0,0.00,0.00,0.00,0,0,0.00,0.00,0.00,0,0,0.00,0.00,0,0
1690488744.168032,s3-eth1,0.00,220000.00,220000.00,220220,0,0.00,153.85,153.85,154,0,0.00,0.00,0,0
1690488744.168037,s6-eth2,182857.14,0.00,182857.14,0,183040,127.87,0.00,127.87,0,128,0.00,0.00,0,0
1690488744.168054,s7-eth4,0.00,0.00,0.00,0,0,0.00,0.00,0.00,0,0,0.00,0.00,0,0
1690488744.168059,e1-eth1,0.00,1288631.38,1288631.38,1289920,0,0.00,927.07,927.07,928,0,0.00,0.00,0,0
1690488744.168064,total,6585124.00,6590718.50,13175843.00,6597309,6591709,4682.32,4686.31,9368.63,4691,4687,0.00,0.00,0,0
1690488745.168435,s4-eth1,0.00,0.00,0.00,0,0,0.00,0.00,0.00,0,0,0.00,0.00,0,0
1690488745.168607,s1-eth4,0.00,0.00,0.00,0,0,0.00,0.00,0.00,0,0,0.00,0.00,0,0
1690488745.168617,s7-eth1,1331330.00,0.00,1331330.00,0,1331330,931.00,0.00,931.00,0,931,0.00,0.00,0,0
1690488745.168622,e2-eth2,0.00,1331330.00,1331330.00,1331330,0,0.00,931.00,931.00,931,0,0.00,0.00,0,0
1690488745.168628,s2-eth2,493350.00,0.00,493350.00,0,493350,345.00,0.00,345.00,0,345,0.00,0.00,0,0
1690488745.168632,s3-eth2,224510.00,0.00,224510.00,0,224510,157.00,0.00,157.00,0,157,0.00,0.00,0,0
1690488745.168653,s7-eth5,0.00,413270.00,413270.00,413270,0,0.00,289.00,289.00,289,0,0.00,0.00,0,0
1690488745.168657,e1-eth2,1329900.00,0.00,1329900.00,0,1329900,930.00,0.00,930.00,0,930,0.00,0.00,0,0
1690488745.168662,s1-eth1,0.00,1329900.00,1329900.00,1329900,0,0.00,930.00,930.00,930,0,0.00,0.00,0,0
1690488745.168666,s4-eth2,0.00,0.00,0.00,0,0,0.00,0.00,0.00,0,0,0.00,0.00,0,0
1690488745.168670,s5-eth1,0.00,414700.00,414700.00,414700,0,0.00,290.00,290.00,290,0,0.00,0.00,0,0
1690488745.168684,s1-eth5,414700.00,0.00,414700.00,0,414700,290.00,0.00,290.00,0,290,0.00,0.00,0,0
1690488745.168689,s7-eth2,0.00,493350.00,493350.00,493350,0,0.00,345.00,345.00,345,0,0.00,0.00,0,0
1690488745.168693,s7-eth6,0.00,198770.00,198770.00,198770,0,0.00,139.00,139.00,139,0,0.00,0.00,0,0
1690488745.168711,lo,3519.00,3519.00,7038.00,3519,3519,54.00,54.00,108.00,54,54,0.00,0.00,0,0
1690488745.168716,s1-eth2,490490.00,0.00,490490.00,0,490490,343.00,0.00,343.00,0,343,0.00,0.00,0,0
1690488745.168721,s5-eth2,413270.00,0.00,413270.00,0,413270,289.00,0.00,289.00,0,289,0.00,0.00,0,0
1690488745.168726,s1-eth6,198770.00,0.00,198770.00,0,198770,139.00,0.00,139.00,0,139,0.00,0.00,0,0
1690488745.168759,s7-eth3,0.00,224510.00,224510.00,224510,0,0.00,157.00,157.00,157,0,0.00,0.00,0,0
1690488745.169531,s6-eth1,0.00,198571.44,198571.44,198770,0,0.00,138.86,138.86,139,0,0.00,0.00,0,0
1690488745.169543,s1-eth3,225714.30,0.00,225714.30,0,225940,157.84,0.00,157.84,0,158,0.00,0.00,0,0
1690488745.169548,e2-eth1,1292797.25,0.00,1292797.25,0,1294090,930.07,0.00,930.07,0,931,0.00,0.00,0,0
1690488745.169553,s2-eth1,0.00,490000.00,490000.00,490490,0,0.00,342.66,342.66,343,0,0.00,0.00,0,0
1690488745.169567,eth0,0.00,59.94,59.94,60,0,0.00,1.00,1.00,1,0,0.00,0.00,0,0
1690488745.169590,s3-eth1,0.00,225714.30,225714.30,225940,0,0.00,157.84,157.84,158,0,0.00,0.00,0,0
1690488745.169603,s6-eth2,198571.44,0.00,198571.44,0,198770,138.86,0.00,138.86,0,139,0.00,0.00,0,0
1690488745.169610,s7-eth4,0.00,0.00,0.00,0,0,0.00,0.00,0.00,0,0,0.00,0.00,0,0
1690488745.169615,e1-eth1,0.00,1290020.00,1290020.00,1291310,0,0.00,928.07,928.07,929,0,0.00,0.00,0,0
1690488745.169619,total,6612027.00,6609310.00,13221337.00,6615919,6618639,4701.30,4700.30,9401.60,4705,4706,0.00,0.00,0,0
1690488746.170062,s4-eth1,0.00,0.00,0.00,0,0,0.00,0.00,0.00,0,0,0.00,0.00,0,0
1690488746.170153,s1-eth4,0.00,0.00,0.00,0,0,0.00,0.00,0.00,0,0,0.00,0.00,0,0
1690488746.170168,s7-eth1,1327142.88,0.00,1327142.88,0,1328470,928.07,0.00,928.07,0,929,0.00,0.00,0,0
1690488746.170174,e2-eth2,0.00,1327142.88,1327142.88,1328470,0,0.00,928.07,928.07,929,0,0.00,0.00,0,0
1690488746.170179,s2-eth2,445714.31,0.00,445714.31,0,446160,311.69,0.00,311.69,0,312,0.00,0.00,0,0
1690488746.170184,s3-eth2,228571.44,0.00,228571.44,0,228800,159.84,0.00,159.84,0,160,0.00,0.00,0,0
1690488746.170213,s7-eth5,0.00,450000.00,450000.00,450450,0,0.00,314.69,314.69,315,0,0.00,0.00,0,0
1690488746.170219,e1-eth2,1325714.38,0.00,1325714.38,0,1327040,927.07,0.00,927.07,0,928,0.00,0.00,0,0
1690488746.170223,s1-eth1,0.00,1325714.38,1325714.38,1327040,0,0.00,927.07,927.07,928,0,0.00,0.00,0,0
1690488746.170228,s4-eth2,0.00,0.00,0.00,0,0,0.00,0.00,0.00,0,0,0.00,0.00,0,0
1690488746.170232,s5-eth1,0.00,448571.44,448571.44,449020,0,0.00,313.69,313.69,314,0,0.00,0.00,0,0
1690488746.170237,s1-eth5,448571.44,0.00,448571.44,0,449020,313.69,0.00,313.69,0,314,0.00,0.00,0,0
1690488746.170242,s7-eth2,0.00,445714.31,445714.31,446160,0,0.00,311.69,311.69,312,0,0.00,0.00,0,0
1690488746.170246,s7-eth6,0.00,204285.72,204285.72,204490,0,0.00,142.86,142.86,143,0,0.00,0.00,0,0
1690488746.170264,lo,3515.48,3515.48,7030.97,3519,3519,53.95,53.95,107.89,54,54,0.00,0.00,0,0
1690488746.170269,s1-eth2,447142.88,0.00,447142.88,0,447590,312.69,0.00,312.69,0,313,0.00,0.00,0,0
1690488746.170288,s5-eth2,450000.00,0.00,450000.00,0,450450,314.69,0.00,314.69,0,315,0.00,0.00,0,0
1690488746.170293,s1-eth6,204285.72,0.00,204285.72,0,204490,142.86,0.00,142.86,0,143,0.00,0.00,0,0
1690488746.170298,s7-eth3,0.00,228571.44,228571.44,228800,0,0.00,159.84,159.84,160,0,0.00,0.00,0,0
1690488746.170303,s6-eth1,0.00,204490.00,204490.00,204490,0,0.00,143.00,143.00,143,0,0.00,0.00,0,0
1690488746.170308,s1-eth3,227370.00,0.00,227370.00,0,227370,159.00,0.00,159.00,0,159,0.00,0.00,0,0
1690488746.170312,e2-eth1,1288530.00,0.00,1288530.00,0,1288530,927.00,0.00,927.00,0,927,0.00,0.00,0,0
1690488746.170317,s2-eth1,0.00,447590.00,447590.00,447590,0,0.00,313.00,313.00,313,0,0.00,0.00,0,0
1690488746.170328,eth0,0.00,60.00,60.00,60,0,0.00,1.00,1.00,1,0,0.00,0.00,0,0
1690488746.170332,s3-eth1,0.00,227370.00,227370.00,227370,0,0.00,159.00,159.00,159,0,0.00,0.00,0,0
1690488746.170337,s6-eth2,204490.00,0.00,204490.00,0,204490,143.00,0.00,143.00,0,143,0.00,0.00,0,0
1690488746.170341,s7-eth4,0.00,0.00,0.00,0,0,0.00,0.00,0.00,0,0,0.00,0.00,0,0
1690488746.170345,e1-eth1,0.00,1288530.00,1288530.00,1288530,0,0.00,927.00,927.00,927,0,0.00,0.00,0,0
1690488746.170371,total,6605929.00,6605989.00,13211918.00,6605989,6605929,4697.00,4698.00,9395.00,4698,4697,0.00,0.00,0,0
1690488747.170678,s4-eth1,0.00,0.00,0.00,0,0,0.00,0.00,0.00,0,0,0.00,0.00,0,0
1690488747.170951,s1-eth4,0.00,0.00,0.00,0,0,0.00,0.00,0.00,0,0,0.00,0.00,0,0
1690488747.170967,s7-eth1,1327040.00,0.00,1327040.00,0,1327040,928.00,0.00,928.00,0,928,0.00,0.00,0,0
1690488747.170973,e2-eth2,0.00,1327040.00,1327040.00,1327040,0,0.00,928.00,928.00,928,0,0.00,0.00,0,0
1690488747.170988,s2-eth2,476190.00,0.00,476190.00,0,476190,333.00,0.00,333.00,0,333,0.00,0.00,0,0
1690488747.170994,s3-eth2,245960.00,0.00,245960.00,0,245960,172.00,0.00,172.00,0,172,0.00,0.00,0,0
1690488747.171015,s7-eth5,0.00,394680.00,394680.00,394680,0,0.00,276.00,276.00,276,0,0.00,0.00,0,0
1690488747.171020,e1-eth2,1327040.00,0.00,1327040.00,0,1327040,928.00,0.00,928.00,0,928,0.00,0.00,0,0
1690488747.171024,s1-eth1,0.00,1327040.00,1327040.00,1327040,0,0.00,928.00,928.00,928,0,0.00,0.00,0,0
1690488747.171028,s4-eth2,0.00,0.00,0.00,0,0,0.00,0.00,0.00,0,0,0.00,0.00,0,0
1690488747.171033,s5-eth1,0.00,396110.00,396110.00,396110,0,0.00,277.00,277.00,277,0,0.00,0.00,0,0
1690488747.171063,s1-eth5,396110.00,0.00,396110.00,0,396110,277.00,0.00,277.00,0,277,0.00,0.00,0,0
1690488747.171068,s7-eth2,0.00,476190.00,476190.00,476190,0,0.00,333.00,333.00,333,0,0.00,0.00,0,0
1690488747.171073,s7-eth6,0.00,208780.00,208780.00,208780,0,0.00,146.00,146.00,146,0,0.00,0.00,0,0
1690488747.171093,lo,3519.00,3519.00,7038.00,3519,3519,54.00,54.00,108.00,54,54,0.00,0.00,0,0
1690488747.171098,s1-eth2,474760.00,0.00,474760.00,0,474760,332.00,0.00,332.00,0,332,0.00,0.00,0,0
1690488747.171103,s5-eth2,394680.00,0.00,394680.00,0,394680,276.00,0.00,276.00,0,276,0.00,0.00,0,0
1690488747.171108,s1-eth6,210210.00,0.00,210210.00,0,210210,147.00,0.00,147.00,0,147,0.00,0.00,0,0
1690488747.171112,s7-eth3,0.00,245960.00,245960.00,245960,0,0.00,172.00,172.00,172,0,0.00,0.00,0,0
1690488747.171117,s6-eth1,0.00,210210.00,210210.00,210210,0,0.00,147.00,147.00,147,0,0.00,0.00,0,0
1690488747.171122,s1-eth3,245960.00,0.00,245960.00,0,245960,172.00,0.00,172.00,0,172,0.00,0.00,0,0
1690488747.171126,e2-eth1,1292700.00,0.00,1292700.00,0,1292700,930.00,0.00,930.00,0,930,0.00,0.00,0,0
1690488747.171131,s2-eth1,0.00,474760.00,474760.00,474760,0,0.00,332.00,332.00,332,0,0.00,0.00,0,0
1690488747.171145,eth0,0.00,60.00,60.00,60,0,0.00,1.00,1.00,1,0,0.00,0.00,0,0
1690488747.171149,s3-eth1,0.00,245960.00,245960.00,245960,0,0.00,172.00,172.00,172,0,0.00,0.00,0,0
1690488747.171154,s6-eth2,208780.00,0.00,208780.00,0,208780,146.00,0.00,146.00,0,146,0.00,0.00,0,0
1690488747.171158,s7-eth4,0.00,0.00,0.00,0,0,0.00,0.00,0.00,0,0,0.00,0.00,0,0
1690488747.171162,e1-eth1,0.00,1289920.00,1289920.00,1289920,0,0.00,928.00,928.00,928,0,0.00,0.00,0,0
1690488747.171167,total,6602949.00,6600229.00,13203178.00,6600229,6602949,4695.00,4694.00,9389.00,4694,4695,0.00,0.00,0,0
1690488748.171636,s4-eth1,0.00,0.00,0.00,0,0,0.00,0.00,0.00,0,0,0.00,0.00,0,0
1690488748.171910,s1-eth4,0.00,0.00,0.00,0,0,0.00,0.00,0.00,0,0,0.00,0.00,0,0
1690488748.171921,s7-eth1,1327040.00,0.00,1327040.00,0,1327040,928.00,0.00,928.00,0,928,0.00,0.00,0,0
1690488748.171927,e2-eth2,0.00,1327040.00,1327040.00,1327040,0,0.00,928.00,928.00,928,0,0.00,0.00,0,0
1690488748.171932,s2-eth2,411840.00,0.00,411840.00,0,411840,288.00,0.00,288.00,0,288,0.00,0.00,0,0
1690488748.171937,s3-eth2,225940.00,0.00,225940.00,0,225940,158.00,0.00,158.00,0,158,0.00,0.00,0,0
1690488748.171957,s7-eth5,0.00,453310.00,453310.00,453310,0,0.00,317.00,317.00,317,0,0.00,0.00,0,0
1690488748.171962,e1-eth2,1327040.00,0.00,1327040.00,0,1327040,928.00,0.00,928.00,0,928,0.00,0.00,0,0
1690488748.171967,s1-eth1,0.00,1327040.00,1327040.00,1327040,0,0.00,928.00,928.00,928,0,0.00,0.00,0,0
1690488748.171998,s4-eth2,0.00,0.00,0.00,0,0,0.00,0.00,0.00,0,0,0.00,0.00,0,0
1690488748.172007,s5-eth1,0.00,451880.00,451880.00,451880,0,0.00,316.00,316.00,316,0,0.00,0.00,0,0
1690488748.172013,s1-eth5,451880.00,0.00,451880.00,0,451880,316.00,0.00,316.00,0,316,0.00,0.00,0,0
1690488748.172018,s7-eth2,0.00,411840.00,411840.00,411840,0,0.00,288.00,288.00,288,0,0.00,0.00,0,0
1690488748.172023,s7-eth6,0.00,235950.00,235950.00,235950,0,0.00,165.00,165.00,165,0,0.00,0.00,0,0
1690488748.172049,lo,3519.00,3519.00,7038.00,3519,3519,54.00,54.00,108.00,54,54,0.00,0.00,0,0
1690488748.172056,s1-eth2,414700.00,0.00,414700.00,0,414700,290.00,0.00,290.00,0,290,0.00,0.00,0,0
1690488748.172060,s5-eth2,453310.00,0.00,453310.00,0,453310,317.00,0.00,317.00,0,317,0.00,0.00,0,0
1690488748.172081,s1-eth6,234520.00,0.00,234520.00,0,234520,164.00,0.00,164.00,0,164,0.00,0.00,0,0
1690488748.172086,s7-eth3,0.00,225940.00,225940.00,225940,0,0.00,158.00,158.00,158,0,0.00,0.00,0,0
1690488748.172091,s6-eth1,0.00,234520.00,234520.00,234520,0,0.00,164.00,164.00,164,0,0.00,0.00,0,0
1690488748.172096,s1-eth3,225940.00,0.00,225940.00,0,225940,158.00,0.00,158.00,0,158,0.00,0.00,0,0
1690488748.172100,e2-eth1,1289920.00,0.00,1289920.00,0,1289920,928.00,0.00,928.00,0,928,0.00,0.00,0,0
1690488748.172105,s2-eth1,0.00,414700.00,414700.00,414700,0,0.00,290.00,290.00,290,0,0.00,0.00,0,0
1690488748.172116,eth0,0.00,60.00,60.00,60,0,0.00,1.00,1.00,1,0,0.00,0.00,0,0
1690488748.172120,s3-eth1,0.00,225940.00,225940.00,225940,0,0.00,158.00,158.00,158,0,0.00,0.00,0,0
1690488748.172125,s6-eth2,235950.00,0.00,235950.00,0,235950,165.00,0.00,165.00,0,165,0.00,0.00,0,0
1690488748.172129,s7-eth4,0.00,0.00,0.00,0,0,0.00,0.00,0.00,0,0,0.00,0.00,0,0
1690488748.172133,e1-eth1,0.00,1289920.00,1289920.00,1289920,0,0.00,928.00,928.00,928,0,0.00,0.00,0,0
1690488748.172137,total,6601599.00,6601659.00,13203258.00,6601659,6601599,4694.00,4695.00,9389.00,4695,4694,0.00,0.00,0,0
1690488749.172514,s4-eth1,0.00,0.00,0.00,0,0,0.00,0.00,0.00,0,0,0.00,0.00,0,0
1690488749.172641,s1-eth4,0.00,0.00,0.00,0,0,0.00,0.00,0.00,0,0,0.00,0.00,0,0
1690488749.172665,s7-eth1,1328470.00,0.00,1328470.00,0,1328470,929.00,0.00,929.00,0,929,0.00,0.00,0,0
1690488749.172671,e2-eth2,0.00,1328470.00,1328470.00,1328470,0,0.00,929.00,929.00,929,0,0.00,0.00,0,0
1690488749.172676,s2-eth2,437580.00,0.00,437580.00,0,437580,306.00,0.00,306.00,0,306,0.00,0.00,0,0
1690488749.172681,s3-eth2,218790.00,0.00,218790.00,0,218790,153.00,0.00,153.00,0,153,0.00,0.00,0,0
1690488749.172702,s7-eth5,0.00,429000.00,429000.00,429000,0,0.00,300.00,300.00,300,0,0.00,0.00,0,0
1690488749.172707,e1-eth2,1327040.00,0.00,1327040.00,0,1327040,928.00,0.00,928.00,0,928,0.00,0.00,0,0
1690488749.172712,s1-eth1,0.00,1327040.00,1327040.00,1327040,0,0.00,928.00,928.00,928,0,0.00,0.00,0,0
1690488749.172716,s4-eth2,0.00,0.00,0.00,0,0,0.00,0.00,0.00,0,0,0.00,0.00,0,0
1690488749.172720,s5-eth1,0.00,430430.00,430430.00,430430,0,0.00,301.00,301.00,301,0,0.00,0.00,0,0
1690488749.172725,s1-eth5,430430.00,0.00,430430.00,0,430430,301.00,0.00,301.00,0,301,0.00,0.00,0,0
1690488749.172741,s7-eth2,0.00,437580.00,437580.00,437580,0,0.00,306.00,306.00,306,0,0.00,0.00,0,0
1690488749.172746,s7-eth6,0.00,243100.00,243100.00,243100,0,0.00,170.00,170.00,170,0,0.00,0.00,0,0
1690488749.172764,lo,3519.00,3519.00,7038.00,3519,3519,54.00,54.00,108.00,54,54,0.00,0.00,0,0
1690488749.172769,s1-eth2,434720.00,0.00,434720.00,0,434720,304.00,0.00,304.00,0,304,0.00,0.00,0,0
1690488749.172774,s5-eth2,429000.00,0.00,429000.00,0,429000,300.00,0.00,300.00,0,300,0.00,0.00,0,0
1690488749.172779,s1-eth6,243100.00,0.00,243100.00,0,243100,170.00,0.00,170.00,0,170,0.00,0.00,0,0
1690488749.172783,s7-eth3,0.00,218790.00,218790.00,218790,0,0.00,153.00,153.00,153,0,0.00,0.00,0,0
1690488749.172788,s6-eth1,0.00,243100.00,243100.00,243100,0,0.00,170.00,170.00,170,0,0.00,0.00,0,0
1690488749.172793,s1-eth3,218790.00,0.00,218790.00,0,218790,153.00,0.00,153.00,0,153,0.00,0.00,0,0
1690488749.172797,e2-eth1,1291310.00,0.00,1291310.00,0,1291310,929.00,0.00,929.00,0,929,0.00,0.00,0,0
1690488749.172802,s2-eth1,0.00,434720.00,434720.00,434720,0,0.00,304.00,304.00,304,0,0.00,0.00,0,0
1690488749.172812,eth0,0.00,60.00,60.00,60,0,0.00,1.00,1.00,1,0,0.00,0.00,0,0
1690488749.172817,s3-eth1,0.00,218790.00,218790.00,218790,0,0.00,153.00,153.00,153,0,0.00,0.00,0,0
1690488749.172821,s6-eth2,243100.00,0.00,243100.00,0,243100,170.00,0.00,170.00,0,170,0.00,0.00,0,0
1690488749.172826,s7-eth4,0.00,0.00,0.00,0,0,0.00,0.00,0.00,0,0,0.00,0.00,0,0
1690488749.172831,e1-eth1,0.00,1289920.00,1289920.00,1289920,0,0.00,928.00,928.00,928,0,0.00,0.00,0,0
1690488749.172835,total,6605849.00,6604519.00,13210368.00,6604519,6605849,4697.00,4697.00,9394.00,4697,4697,0.00,0.00,0,0
1690488750.173401,s4-eth1,0.00,0.00,0.00,0,0,0.00,0.00,0.00,0,0,0.00,0.00,0,0
1690488750.173455,s1-eth4,0.00,0.00,0.00,0,0,0.00,0.00,0.00,0,0,0.00,0.00,0,0
1690488750.173461,s7-eth1,1322750.00,0.00,1322750.00,0,1322750,925.00,0.00,925.00,0,925,0.00,0.00,0,0
1690488750.173467,e2-eth2,0.00,1322750.00,1322750.00,1322750,0,0.00,925.00,925.00,925,0,0.00,0.00,0,0
1690488750.173472,s2-eth2,467610.00,0.00,467610.00,0,467610,327.00,0.00,327.00,0,327,0.00,0.00,0,0
1690488750.173476,s3-eth2,205920.00,0.00,205920.00,0,205920,144.00,0.00,144.00,0,144,0.00,0.00,0,0
1690488750.173501,s7-eth5,0.00,424710.00,424710.00,424710,0,0.00,297.00,297.00,297,0,0.00,0.00,0,0
1690488750.173506,e1-eth2,1327040.00,0.00,1327040.00,0,1327040,928.00,0.00,928.00,0,928,0.00,0.00,0,0
1690488750.173510,s1-eth1,0.00,1327040.00,1327040.00,1327040,0,0.00,928.00,928.00,928,0,0.00,0.00,0,0
1690488750.173515,s4-eth2,0.00,0.00,0.00,0,0,0.00,0.00,0.00,0,0,0.00,0.00,0,0
1690488750.173519,s5-eth1,0.00,423280.00,423280.00,423280,0,0.00,296.00,296.00,296,0,0.00,0.00,0,0
1690488750.173523,s1-eth5,423280.00,0.00,423280.00,0,423280,296.00,0.00,296.00,0,296,0.00,0.00,0,0
1690488750.173527,s7-eth2,0.00,467610.00,467610.00,467610,0,0.00,327.00,327.00,327,0,0.00,0.00,0,0
1690488750.173570,s7-eth6,0.00,227370.00,227370.00,227370,0,0.00,159.00,159.00,159,0,0.00,0.00,0,0
1690488750.173600,lo,3519.00,3519.00,7038.00,3519,3519,54.00,54.00,108.00,54,54,0.00,0.00,0,0
1690488750.173606,s1-eth2,467610.00,0.00,467610.00,0,467610,327.00,0.00,327.00,0,327,0.00,0.00,0,0
1690488750.173611,s5-eth2,424710.00,0.00,424710.00,0,424710,297.00,0.00,297.00,0,297,0.00,0.00,0,0
1690488750.173615,s1-eth6,227370.00,0.00,227370.00,0,227370,159.00,0.00,159.00,0,159,0.00,0.00,0,0
1690488750.173620,s7-eth3,0.00,205920.00,205920.00,205920,0,0.00,144.00,144.00,144,0,0.00,0.00,0,0
1690488750.173624,s6-eth1,0.00,227370.00,227370.00,227370,0,0.00,159.00,159.00,159,0,0.00,0.00,0,0
1690488750.173629,s1-eth3,205920.00,0.00,205920.00,0,205920,144.00,0.00,144.00,0,144,0.00,0.00,0,0
1690488750.173633,e2-eth1,1285750.00,0.00,1285750.00,0,1285750,925.00,0.00,925.00,0,925,0.00,0.00,0,0
1690488750.173638,s2-eth1,0.00,467610.00,467610.00,467610,0,0.00,327.00,327.00,327,0,0.00,0.00,0,0
1690488750.173649,eth0,0.00,244.00,244.00,244,0,0.00,4.00,4.00,4,0,0.00,0.00,0,0
1690488750.173654,s3-eth1,0.00,205920.00,205920.00,205920,0,0.00,144.00,144.00,144,0,0.00,0.00,0,0
1690488750.173658,s6-eth2,227370.00,0.00,227370.00,0,227370,159.00,0.00,159.00,0,159,0.00,0.00,0,0
1690488750.173663,s7-eth4,0.00,0.00,0.00,0,0,0.00,0.00,0.00,0,0,0.00,0.00,0,0
1690488750.173667,e1-eth1,0.00,1291310.00,1291310.00,1291310,0,0.00,929.00,929.00,929,0,0.00,0.00,0,0
1690488750.173671,total,6588849.00,6594653.00,13183502.00,6594653,6588849,4685.00,4693.00,9378.00,4693,4685,0.00,0.00,0,0
1690488751.174160,s4-eth1,0.00,0.00,0.00,0,0,0.00,0.00,0.00,0,0,0.00,0.00,0,0
1690488751.174232,s1-eth4,0.00,0.00,0.00,0,0,0.00,0.00,0.00,0,0,0.00,0.00,0,0
1690488751.174248,s7-eth1,1328470.00,0.00,1328470.00,0,1328470,929.00,0.00,929.00,0,929,0.00,0.00,0,0
1690488751.174254,e2-eth2,0.00,1328470.00,1328470.00,1328470,0,0.00,929.00,929.00,929,0,0.00,0.00,0,0
1690488751.174260,s2-eth2,434720.00,0.00,434720.00,0,434720,304.00,0.00,304.00,0,304,0.00,0.00,0,0
1690488751.174269,s3-eth2,234520.00,0.00,234520.00,0,234520,164.00,0.00,164.00,0,164,0.00,0.00,0,0
1690488751.174297,s7-eth5,0.00,459030.00,459030.00,459030,0,0.00,321.00,321.00,321,0,0.00,0.00,0,0
1690488751.174305,e1-eth2,1327040.00,0.00,1327040.00,0,1327040,928.00,0.00,928.00,0,928,0.00,0.00,0,0
1690488751.174312,s1-eth1,0.00,1327040.00,1327040.00,1327040,0,0.00,928.00,928.00,928,0,0.00,0.00,0,0
1690488751.174318,s4-eth2,0.00,0.00,0.00,0,0,0.00,0.00,0.00,0,0,0.00,0.00,0,0
1690488751.174325,s5-eth1,0.00,459030.00,459030.00,459030,0,0.00,321.00,321.00,321,0,0.00,0.00,0,0
1690488751.174332,s1-eth5,459030.00,0.00,459030.00,0,459030,321.00,0.00,321.00,0,321,0.00,0.00,0,0
1690488751.174338,s7-eth2,0.00,434720.00,434720.00,434720,0,0.00,304.00,304.00,304,0,0.00,0.00,0,0
1690488751.174345,s7-eth6,0.00,198770.00,198770.00,198770,0,0.00,139.00,139.00,139,0,0.00,0.00,0,0
1690488751.174370,lo,3519.00,3519.00,7038.00,3519,3519,54.00,54.00,108.00,54,54,0.00,0.00,0,0
1690488751.174390,s1-eth2,434720.00,0.00,434720.00,0,434720,304.00,0.00,304.00,0,304,0.00,0.00,0,0
1690488751.174395,s5-eth2,459030.00,0.00,459030.00,0,459030,321.00,0.00,321.00,0,321,0.00,0.00,0,0
1690488751.174437,s1-eth6,198770.00,0.00,198770.00,0,198770,139.00,0.00,139.00,0,139,0.00,0.00,0,0
1690488751.174442,s7-eth3,0.00,234520.00,234520.00,234520,0,0.00,164.00,164.00,164,0,0.00,0.00,0,0
1690488751.174447,s6-eth1,0.00,198770.00,198770.00,198770,0,0.00,139.00,139.00,139,0,0.00,0.00,0,0
1690488751.174452,s1-eth3,234520.00,0.00,234520.00,0,234520,164.00,0.00,164.00,0,164,0.00,0.00,0,0
1690488751.174457,e2-eth1,1291310.00,0.00,1291310.00,0,1291310,929.00,0.00,929.00,0,929,0.00,0.00,0,0
1690488751.174462,s2-eth1,0.00,434720.00,434720.00,434720,0,0.00,304.00,304.00,304,0,0.00,0.00,0,0
1690488751.174479,eth0,0.00,60.00,60.00,60,0,0.00,1.00,1.00,1,0,0.00,0.00,0,0
1690488751.174484,s3-eth1,0.00,234520.00,234520.00,234520,0,0.00,164.00,164.00,164,0,0.00,0.00,0,0
1690488751.174489,s6-eth2,198770.00,0.00,198770.00,0,198770,139.00,0.00,139.00,0,139,0.00,0.00,0,0
1690488751.174493,s7-eth4,0.00,0.00,0.00,0,0,0.00,0.00,0.00,0,0,0.00,0.00,0,0
1690488751.174497,e1-eth1,0.00,1289920.00,1289920.00,1289920,0,0.00,928.00,928.00,928,0,0.00,0.00,0,0
1690488751.174502,total,6604419.00,6603089.00,13207508.00,6603089,6604419,4696.00,4696.00,9392.00,4696,4696,0.00,0.00,0,0
1690488752.175148,s4-eth1,0.00,0.00,0.00,0,0,0.00,0.00,0.00,0,0,0.00,0.00,0,0
1690488752.175221,s1-eth4,0.00,0.00,0.00,0,0,0.00,0.00,0.00,0,0,0.00,0.00,0,0
1690488752.175239,s7-eth1,1328470.00,0.00,1328470.00,0,1328470,929.00,0.00,929.00,0,929,0.00,0.00,0,0
1690488752.175254,e2-eth2,0.00,1328470.00,1328470.00,1328470,0,0.00,929.00,929.00,929,0,0.00,0.00,0,0
1690488752.175271,s2-eth2,431428.59,0.00,431428.59,0,431860,301.70,0.00,301.70,0,302,0.00,0.00,0,0
1690488752.175284,s3-eth2,221428.58,0.00,221428.58,0,221650,154.85,0.00,154.85,0,155,0.00,0.00,0,0
1690488752.175320,s7-eth5,0.00,452857.16,452857.16,453310,0,0.00,316.68,316.68,317,0,0.00,0.00,0,0
1690488752.175338,e1-eth2,1325714.38,0.00,1325714.38,0,1327040,927.07,0.00,927.07,0,928,0.00,0.00,0,0
1690488752.175356,s1-eth1,0.00,1325714.38,1325714.38,1327040,0,0.00,927.07,927.07,928,0,0.00,0.00,0,0
1690488752.175372,s4-eth2,0.00,0.00,0.00,0,0,0.00,0.00,0.00,0,0,0.00,0.00,0,0
1690488752.175381,s5-eth1,0.00,454285.72,454285.72,454740,0,0.00,317.68,317.68,318,0,0.00,0.00,0,0
1690488752.175401,s1-eth5,454285.72,0.00,454285.72,0,454740,317.68,0.00,317.68,0,318,0.00,0.00,0,0
1690488752.175417,s7-eth2,0.00,431428.59,431428.59,431860,0,0.00,301.70,301.70,302,0,0.00,0.00,0,0
1690488752.175434,s7-eth6,0.00,220000.00,220000.00,220220,0,0.00,153.85,153.85,154,0,0.00,0.00,0,0
1690488752.175461,lo,3515.48,3515.48,7030.97,3519,3519,53.95,53.95,107.89,54,54,0.00,0.00,0,0
1690488752.175480,s1-eth2,432857.16,0.00,432857.16,0,433290,302.70,0.00,302.70,0,303,0.00,0.00,0,0
1690488752.175497,s5-eth2,452857.16,0.00,452857.16,0,453310,316.68,0.00,316.68,0,317,0.00,0.00,0,0
1690488752.175506,s1-eth6,220000.00,0.00,220000.00,0,220220,153.85,0.00,153.85,0,154,0.00,0.00,0,0
1690488752.175543,s7-eth3,0.00,221428.58,221428.58,221650,0,0.00,154.85,154.85,155,0,0.00,0.00,0,0
1690488752.175554,s6-eth1,0.00,220000.00,220000.00,220220,0,0.00,153.85,153.85,154,0,0.00,0.00,0,0
1690488752.175573,s1-eth3,221428.58,0.00,221428.58,0,221650,154.85,0.00,154.85,0,155,0.00,0.00,0,0
1690488752.175588,e2-eth1,1288631.38,0.00,1288631.38,0,1289920,927.07,0.00,927.07,0,928,0.00,0.00,0,0
1690488752.175599,s2-eth1,0.00,432857.16,432857.16,433290,0,0.00,302.70,302.70,303,0,0.00,0.00,0,0
1690488752.175635,eth0,0.00,119.88,119.88,120,0,0.00,2.00,2.00,2,0,0.00,0.00,0,0
1690488752.175650,s3-eth1,0.00,221428.58,221428.58,221650,0,0.00,154.85,154.85,155,0,0.00,0.00,0,0
1690488752.175667,s6-eth2,220000.00,0.00,220000.00,0,220220,153.85,0.00,153.85,0,154,0.00,0.00,0,0
1690488752.175676,s7-eth4,0.00,0.00,0.00,0,0,0.00,0.00,0.00,0,0,0.00,0.00,0,0
1690488752.175690,e1-eth1,0.00,1287242.75,1287242.75,1288530,0,0.00,926.07,926.07,927,0,0.00,0.00,0,0
1690488752.175729,total,6599290.00,6598021.00,13197311.00,6604619,6605889,4692.31,4693.31,9385.61,4698,4697,0.00,0.00,0,0
1690488753.176345,s4-eth1,0.00,250000.00,250000.00,250250,0,0.00,174.83,174.83,175,0,0.00,0.00,0,0
1690488753.176471,s1-eth4,250000.00,0.00,250000.00,0,250250,174.83,0.00,174.83,0,175,0.00,0.00,0,0
1690488753.176480,s7-eth1,1327142.88,0.00,1327142.88,0,1328470,928.07,0.00,928.07,0,929,0.00,0.00,0,0
1690488753.176485,e2-eth2,0.00,1327142.88,1327142.88,1328470,0,0.00,928.07,928.07,929,0,0.00,0.00,0,0
1690488753.176491,s2-eth2,432857.16,0.00,432857.16,0,433290,302.70,0.00,302.70,0,303,0.00,0.00,0,0
1690488753.176495,s3-eth2,92857.15,0.00,92857.15,0,92950,64.94,0.00,64.94,0,65,0.00,0.00,0,0
1690488753.176519,s7-eth5,0.00,161428.58,161428.58,161590,0,0.00,112.89,112.89,113,0,0.00,0.00,0,0
1690488753.177572,e1-eth2,1325818.38,0.00,1325818.38,0,1328470,927.15,0.00,927.15,0,929,0.00,0.00,0,0
1690488753.177614,s1-eth1,0.00,1325818.38,1325818.38,1328470,0,0.00,927.15,927.15,929,0,0.00,0.00,0,0
1690488753.177638,s4-eth2,249750.50,0.00,249750.50,0,250250,174.65,0.00,174.65,0,175,0.00,0.00,0,0
1690488753.177644,s5-eth1,0.00,159840.33,159840.33,160160,0,0.00,111.78,111.78,112,0,0.00,0.00,0,0
1690488753.177650,s1-eth5,159840.33,0.00,159840.33,0,160160,111.78,0.00,111.78,0,112,0.00,0.00,0,0
1690488753.177663,s7-eth2,0.00,432425.16,432425.16,433290,0,0.00,302.40,302.40,303,0,0.00,0.00,0,0
1690488753.177668,s7-eth6,0.00,389610.78,389610.78,390390,0,0.00,272.46,272.46,273,0,0.00,0.00,0,0
1690488753.177695,lo,25420.16,25420.16,50840.32,25471,25471,71.86,71.86,143.71,72,72,0.00,0.00,0,0
1690488753.177700,s1-eth2,430998.03,0.00,430998.03,0,431860,301.40,0.00,301.40,0,302,0.00,0.00,0,0
1690488753.177705,s5-eth2,161267.47,0.00,161267.47,0,161590,112.77,0.00,112.77,0,113,0.00,0.00,0,0
1690488753.177709,s1-eth6,391037.94,0.00,391037.94,0,391820,273.45,0.00,273.45,0,274,0.00,0.00,0,0
1690488753.177714,s7-eth3,0.00,92764.48,92764.48,92950,0,0.00,64.87,64.87,65,0,0.00,0.00,0,0
1690488753.177719,s6-eth1,0.00,391037.94,391037.94,391820,0,0.00,273.45,273.45,274,0,0.00,0.00,0,0
1690488753.177723,s1-eth3,92764.48,0.00,92764.48,0,92950,64.87,0.00,64.87,0,65,0.00,0.00,0,0
1690488753.177728,e2-eth1,1290119.75,0.00,1290119.75,0,1292700,928.14,0.00,928.14,0,930,0.00,0.00,0,0
1690488753.177732,s2-eth1,0.00,430998.03,430998.03,431860,0,0.00,301.40,301.40,302,0,0.00,0.00,0,0
1690488753.177746,eth0,0.00,239.52,239.52,240,0,0.00,3.99,3.99,4,0,0.00,0.00,0,0
1690488753.177751,s3-eth1,0.00,92764.48,92764.48,92950,0,0.00,64.87,64.87,65,0,0.00,0.00,0,0
1690488753.177755,s6-eth2,391037.94,0.00,391037.94,0,391820,273.45,0.00,273.45,0,274,0.00,0.00,0,0
1690488753.177760,s7-eth4,0.00,249750.50,249750.50,250250,0,0.00,174.65,174.65,175,0,0.00,0.00,0,0
1690488753.177765,e1-eth1,0.00,1291507.00,1291507.00,1294090,0,0.00,929.14,929.14,931,0,0.00,0.00,0,0
1690488753.177769,total,6618813.50,6619013.00,13237827.00,6632251,6632051,4708.58,4712.57,9421.16,4722,4718,0.00,0.00,0,0
1690488754.178051,s4-eth1,0.00,432857.16,432857.16,433290,0,0.00,302.70,302.70,303,0,0.00,0.00,0,0
1690488754.178112,s1-eth4,432857.16,0.00,432857.16,0,433290,302.70,0.00,302.70,0,303,0.00,0.00,0,0
1690488754.178123,s7-eth1,1328571.50,0.00,1328571.50,0,1329900,929.07,0.00,929.07,0,930,0.00,0.00,0,0
1690488754.178128,e2-eth2,0.00,1328571.50,1328571.50,1329900,0,0.00,929.07,929.07,930,0,0.00,0.00,0,0
1690488754.178133,s2-eth2,432857.16,0.00,432857.16,0,433290,302.70,0.00,302.70,0,303,0.00,0.00,0,0
1690488754.178138,s3-eth2,0.00,0.00,0.00,0,0,0.00,0.00,0.00,0,0,0.00,0.00,0,0
1690488754.178168,s7-eth5,0.00,0.00,0.00,0,0,0.00,0.00,0.00,0,0,0.00,0.00,0,0
1690488754.178172,e1-eth2,1328470.00,0.00,1328470.00,0,1328470,929.00,0.00,929.00,0,929,0.00,0.00,0,0
1690488754.178176,s1-eth1,0.00,1328470.00,1328470.00,1328470,0,0.00,929.00,929.00,929,0,0.00,0.00,0,0
1690488754.178181,s4-eth2,433290.00,0.00,433290.00,0,433290,303.00,0.00,303.00,0,303,0.00,0.00,0,0
1690488754.178186,s5-eth1,0.00,0.00,0.00,0,0,0.00,0.00,0.00,0,0,0.00,0.00,0,0
1690488754.178190,s1-eth5,0.00,0.00,0.00,0,0,0.00,0.00,0.00,0,0,0.00,0.00,0,0
1690488754.178202,s7-eth2,0.00,433290.00,433290.00,433290,0,0.00,303.00,303.00,303,0,0.00,0.00,0,0
1690488754.178207,s7-eth6,0.00,463320.00,463320.00,463320,0,0.00,324.00,324.00,324,0,0.00,0.00,0,0
1690488754.178226,lo,3519.00,3519.00,7038.00,3519,3519,54.00,54.00,108.00,54,54,0.00,0.00,0,0
1690488754.178231,s1-eth2,433290.00,0.00,433290.00,0,433290,303.00,0.00,303.00,0,303,0.00,0.00,0,0
1690488754.178236,s5-eth2,0.00,0.00,0.00,0,0,0.00,0.00,0.00,0,0,0.00,0.00,0,0
1690488754.178240,s1-eth6,463320.00,0.00,463320.00,0,463320,324.00,0.00,324.00,0,324,0.00,0.00,0,0
1690488754.178244,s7-eth3,0.00,0.00,0.00,0,0,0.00,0.00,0.00,0,0,0.00,0.00,0,0
1690488754.178248,s6-eth1,0.00,463320.00,463320.00,463320,0,0.00,324.00,324.00,324,0,0.00,0.00,0,0
1690488754.178252,s1-eth3,0.00,0.00,0.00,0,0,0.00,0.00,0.00,0,0,0.00,0.00,0,0
1690488754.178256,e2-eth1,1291310.00,0.00,1291310.00,0,1291310,929.00,0.00,929.00,0,929,0.00,0.00,0,0
1690488754.178261,s2-eth1,0.00,433290.00,433290.00,433290,0,0.00,303.00,303.00,303,0,0.00,0.00,0,0
1690488754.178272,eth0,0.00,880.00,880.00,880,0,0.00,5.00,5.00,5,0,0.00,0.00,0,0
1690488754.178276,s3-eth1,0.00,0.00,0.00,0,0,0.00,0.00,0.00,0,0,0.00,0.00,0,0
1690488754.178280,s6-eth2,461890.00,0.00,461890.00,0,461890,323.00,0.00,323.00,0,323,0.00,0.00,0,0
1690488754.178285,s7-eth4,0.00,433290.00,433290.00,433290,0,0.00,303.00,303.00,303,0,0.00,0.00,0,0
1690488754.178289,e1-eth1,0.00,1289920.00,1289920.00,1289920,0,0.00,928.00,928.00,928,0,0.00,0.00,0,0
1690488754.178293,total,6611569.00,6612489.00,13224058.00,6612489,6611569,4701.00,4706.00,9407.00,4706,4701,0.00,0.00,0,0
1690488755.178934,s4-eth1,0.00,453310.00,453310.00,453310,0,0.00,317.00,317.00,317,0,0.00,0.00,0,0
1690488755.178979,s1-eth4,453310.00,0.00,453310.00,0,453310,317.00,0.00,317.00,0,317,0.00,0.00,0,0
1690488755.178986,s7-eth1,1324180.00,0.00,1324180.00,0,1324180,926.00,0.00,926.00,0,926,0.00,0.00,0,0
1690488755.178990,e2-eth2,0.00,1324180.00,1324180.00,1324180,0,0.00,926.00,926.00,926,0,0.00,0.00,0,0
1690488755.178995,s2-eth2,437580.00,0.00,437580.00,0,437580,306.00,0.00,306.00,0,306,0.00,0.00,0,0
1690488755.179000,s3-eth2,0.00,0.00,0.00,0,0,0.00,0.00,0.00,0,0,0.00,0.00,0,0
1690488755.179017,s7-eth5,0.00,0.00,0.00,0,0,0.00,0.00,0.00,0,0,0.00,0.00,0,0
1690488755.179022,e1-eth2,1327040.00,0.00,1327040.00,0,1327040,928.00,0.00,928.00,0,928,0.00,0.00,0,0
1690488755.179026,s1-eth1,0.00,1327040.00,1327040.00,1327040,0,0.00,928.00,928.00,928,0,0.00,0.00,0,0
1690488755.179031,s4-eth2,453310.00,0.00,453310.00,0,453310,317.00,0.00,317.00,0,317,0.00,0.00,0,0
1690488755.179035,s5-eth1,0.00,0.00,0.00,0,0,0.00,0.00,0.00,0,0,0.00,0.00,0,0
1690488755.179066,s1-eth5,0.00,0.00,0.00,0,0,0.00,0.00,0.00,0,0,0.00,0.00,0,0
1690488755.179080,s7-eth2,0.00,437580.00,437580.00,437580,0,0.00,306.00,306.00,306,0,0.00,0.00,0,0
1690488755.179086,s7-eth6,0.00,436150.00,436150.00,436150,0,0.00,305.00,305.00,305,0,0.00,0.00,0,0
1690488755.179109,lo,3519.00,3519.00,7038.00,3519,3519,54.00,54.00,108.00,54,54,0.00,0.00,0,0
1690488755.179114,s1-eth2,437580.00,0.00,437580.00,0,437580,306.00,0.00,306.00,0,306,0.00,0.00,0,0
1690488755.179119,s5-eth2,0.00,0.00,0.00,0,0,0.00,0.00,0.00,0,0,0.00,0.00,0,0
1690488755.179123,s1-eth6,434720.00,0.00,434720.00,0,434720,304.00,0.00,304.00,0,304,0.00,0.00,0,0
1690488755.179127,s7-eth3,0.00,0.00,0.00,0,0,0.00,0.00,0.00,0,0,0.00,0.00,0,0
1690488755.179131,s6-eth1,0.00,434720.00,434720.00,434720,0,0.00,304.00,304.00,304,0,0.00,0.00,0,0
1690488755.179136,s1-eth3,0.00,0.00,0.00,0,0,0.00,0.00,0.00,0,0,0.00,0.00,0,0
1690488755.179140,e2-eth1,1288530.00,0.00,1288530.00,0,1288530,927.00,0.00,927.00,0,927,0.00,0.00,0,0
1690488755.179145,s2-eth1,0.00,437580.00,437580.00,437580,0,0.00,306.00,306.00,306,0,0.00,0.00,0,0
1690488755.179155,eth0,0.00,120.00,120.00,120,0,0.00,2.00,2.00,2,0,0.00,0.00,0,0
1690488755.179166,s3-eth1,0.00,0.00,0.00,0,0,0.00,0.00,0.00,0,0,0.00,0.00,0,0
1690488755.179170,s6-eth2,436150.00,0.00,436150.00,0,436150,305.00,0.00,305.00,0,305,0.00,0.00,0,0
1690488755.179175,s7-eth4,0.00,453310.00,453310.00,453310,0,0.00,317.00,317.00,317,0,0.00,0.00,0,0
1690488755.179187,e1-eth1,0.00,1288530.00,1288530.00,1288530,0,0.00,927.00,927.00,927,0,0.00,0.00,0,0
1690488755.179191,total,6595919.00,6596039.00,13191958.00,6596039,6595919,4690.00,4692.00,9382.00,4692,4690,0.00,0.00,0,0
1690488756.179567,s4-eth1,0.00,413270.00,413270.00,413270,0,0.00,289.00,289.00,289,0,0.00,0.00,0,0
1690488756.179605,s1-eth4,413270.00,0.00,413270.00,0,413270,289.00,0.00,289.00,0,289,0.00,0.00,0,0
1690488756.179611,s7-eth1,1329900.00,0.00,1329900.00,0,1329900,930.00,0.00,930.00,0,930,0.00,0.00,0,0
1690488756.179616,e2-eth2,0.00,1329900.00,1329900.00,1329900,0,0.00,930.00,930.00,930,0,0.00,0.00,0,0
1690488756.179621,s2-eth2,440440.00,0.00,440440.00,0,440440,308.00,0.00,308.00,0,308,0.00,0.00,0,0
1690488756.179625,s3-eth2,0.00,0.00,0.00,0,0,0.00,0.00,0.00,0,0,0.00,0.00,0,0
1690488756.179646,s7-eth5,0.00,0.00,0.00,0,0,0.00,0.00,0.00,0,0,0.00,0.00,0,0
1690488756.179650,e1-eth2,1327040.00,0.00,1327040.00,0,1327040,928.00,0.00,928.00,0,928,0.00,0.00,0,0
1690488756.179654,s1-eth1,0.00,1327040.00,1327040.00,1327040,0,0.00,928.00,928.00,928,0,0.00,0.00,0,0
1690488756.179659,s4-eth2,413270.00,0.00,413270.00,0,413270,289.00,0.00,289.00,0,289,0.00,0.00,0,0
1690488756.179663,s5-eth1,0.00,0.00,0.00,0,0,0.00,0.00,0.00,0,0,0.00,0.00,0,0
1690488756.179667,s1-eth5,0.00,0.00,0.00,0,0,0.00,0.00,0.00,0,0,0.00,0.00,0,0
1690488756.179671,s7-eth2,0.00,440440.00,440440.00,440440,0,0.00,308.00,308.00,308,0,0.00,0.00,0,0
1690488756.179676,s7-eth6,0.00,473330.00,473330.00,473330,0,0.00,331.00,331.00,331,0,0.00,0.00,0,0
1690488756.179694,lo,3519.00,3519.00,7038.00,3519,3519,54.00,54.00,108.00,54,54,0.00,0.00,0,0
1690488756.179699,s1-eth2,440440.00,0.00,440440.00,0,440440,308.00,0.00,308.00,0,308,0.00,0.00,0,0
1690488756.179703,s5-eth2,0.00,0.00,0.00,0,0,0.00,0.00,0.00,0,0,0.00,0.00,0,0
1690488756.179708,s1-eth6,473330.00,0.00,473330.00,0,473330,331.00,0.00,331.00,0,331,0.00,0.00,0,0
1690488756.179723,s7-eth3,0.00,0.00,0.00,0,0,0.00,0.00,0.00,0,0,0.00,0.00,0,0
1690488756.179728,s6-eth1,0.00,473330.00,473330.00,473330,0,0.00,331.00,331.00,331,0,0.00,0.00,0,0
1690488756.179732,s1-eth3,0.00,0.00,0.00,0,0,0.00,0.00,0.00,0,0,0.00,0.00,0,0
1690488756.179736,e2-eth1,1292700.00,0.00,1292700.00,0,1292700,930.00,0.00,930.00,0,930,0.00,0.00,0,0
1690488756.179741,s2-eth1,0.00,440440.00,440440.00,440440,0,0.00,308.00,308.00,308,0,0.00,0.00,0,0
1690488756.179777,eth0,0.00,120.00,120.00,120,0,0.00,2.00,2.00,2,0,0.00,0.00,0,0
1690488756.179795,s3-eth1,0.00,0.00,0.00,0,0,0.00,0.00,0.00,0,0,0.00,0.00,0,0
1690488756.179801,s6-eth2,473330.00,0.00,473330.00,0,473330,331.00,0.00,331.00,0,331,0.00,0.00,0,0
1690488756.179806,s7-eth4,0.00,413270.00,413270.00,413270,0,0.00,289.00,289.00,289,0,0.00,0.00,0,0
1690488756.179811,e1-eth1,0.00,1289920.00,1289920.00,1289920,0,0.00,928.00,928.00,928,0,0.00,0.00,0,0
1690488756.179815,total,6607239.00,6604579.00,13211818.00,6604579,6607239,4698.00,4698.00,9396.00,4698,4698,0.00,0.00,0,0
1690488757.180236,s4-eth1,0.00,446160.00,446160.00,446160,0,0.00,312.00,312.00,312,0,0.00,0.00,0,0
1690488757.180287,s1-eth4,446160.00,0.00,446160.00,0,446160,312.00,0.00,312.00,0,312,0.00,0.00,0,0
1690488757.180295,s7-eth1,1327040.00,0.00,1327040.00,0,1327040,928.00,0.00,928.00,0,928,0.00,0.00,0,0
1690488757.180300,e2-eth2,0.00,1327040.00,1327040.00,1327040,0,0.00,928.00,928.00,928,0,0.00,0.00,0,0
1690488757.180305,s2-eth2,470470.00,0.00,470470.00,0,470470,329.00,0.00,329.00,0,329,0.00,0.00,0,0
1690488757.180309,s3-eth2,0.00,0.00,0.00,0,0,0.00,0.00,0.00,0,0,0.00,0.00,0,0
1690488757.180327,s7-eth5,0.00,0.00,0.00,0,0,0.00,0.00,0.00,0,0,0.00,0.00,0,0
1690488757.180331,e1-eth2,1325610.00,0.00,1325610.00,0,1325610,927.00,0.00,927.00,0,927,0.00,0.00,0,0
1690488757.180335,s1-eth1,0.00,1325610.00,1325610.00,1325610,0,0.00,927.00,927.00,927,0,0.00,0.00,0,0
1690488757.180340,s4-eth2,446160.00,0.00,446160.00,0,446160,312.00,0.00,312.00,0,312,0.00,0.00,0,0
1690488757.180345,s5-eth1,0.00,0.00,0.00,0,0,0.00,0.00,0.00,0,0,0.00,0.00,0,0
1690488757.180349,s1-eth5,0.00,0.00,0.00,0,0,0.00,0.00,0.00,0,0,0.00,0.00,0,0
1690488757.180403,s7-eth2,0.00,470470.00,470470.00,470470,0,0.00,329.00,329.00,329,0,0.00,0.00,0,0
1690488757.180415,s7-eth6,0.00,410410.00,410410.00,410410,0,0.00,287.00,287.00,287,0,0.00,0.00,0,0
1690488757.180438,lo,3519.00,3519.00,7038.00,3519,3519,54.00,54.00,108.00,54,54,0.00,0.00,0,0
1690488757.180443,s1-eth2,470470.00,0.00,470470.00,0,470470,329.00,0.00,329.00,0,329,0.00,0.00,0,0
1690488757.180448,s5-eth2,0.00,0.00,0.00,0,0,0.00,0.00,0.00,0,0,0.00,0.00,0,0
1690488757.180452,s1-eth6,410410.00,0.00,410410.00,0,410410,287.00,0.00,287.00,0,287,0.00,0.00,0,0
1690488757.180457,s7-eth3,0.00,0.00,0.00,0,0,0.00,0.00,0.00,0,0,0.00,0.00,0,0
1690488757.180461,s6-eth1,0.00,410410.00,410410.00,410410,0,0.00,287.00,287.00,287,0,0.00,0.00,0,0
1690488757.180465,s1-eth3,0.00,0.00,0.00,0,0,0.00,0.00,0.00,0,0,0.00,0.00,0,0
1690488757.180470,e2-eth1,1288530.00,0.00,1288530.00,0,1288530,927.00,0.00,927.00,0,927,0.00,0.00,0,0
1690488757.180474,s2-eth1,0.00,470470.00,470470.00,470470,0,0.00,329.00,329.00,329,0,0.00,0.00,0,0
1690488757.180485,eth0,0.00,60.00,60.00,60,0,0.00,1.00,1.00,1,0,0.00,0.00,0,0
1690488757.180490,s3-eth1,0.00,0.00,0.00,0,0,0.00,0.00,0.00,0,0,0.00,0.00,0,0
1690488757.180494,s6-eth2,410410.00,0.00,410410.00,0,410410,287.00,0.00,287.00,0,287,0.00,0.00,0,0
1690488757.180498,s7-eth4,0.00,446160.00,446160.00,446160,0,0.00,312.00,312.00,312,0,0.00,0.00,0,0
1690488757.180503,e1-eth1,0.00,1289920.00,1289920.00,1289920,0,0.00,928.00,928.00,928,0,0.00,0.00,0,0
1690488757.180507,total,6598779.00,6600229.00,13199008.00,6600229,6598779,4692.00,4694.00,9386.00,4694,4692,0.00,0.00,0,0
1690488758.181076,s4-eth1,0.00,454740.00,454740.00,454740,0,0.00,318.00,318.00,318,0,0.00,0.00,0,0
1690488758.181265,s1-eth4,454740.00,0.00,454740.00,0,454740,318.00,0.00,318.00,0,318,0.00,0.00,0,0
1690488758.181280,s7-eth1,1327040.00,0.00,1327040.00,0,1327040,928.00,0.00,928.00,0,928,0.00,0.00,0,0
1690488758.182875,e2-eth2,0.00,1324391.25,1324391.25,1327040,0,0.00,926.15,926.15,928,0,0.00,0.00,0,0
1690488758.182898,s2-eth2,439560.88,0.00,439560.88,0,440440,307.39,0.00,307.39,0,308,0.00,0.00,0,0
1690488758.182904,s3-eth2,0.00,0.00,0.00,0,0,0.00,0.00,0.00,0,0,0.00,0.00,0,0
1690488758.182928,s7-eth5,0.00,0.00,0.00,0,0,0.00,0.00,0.00,0,0,0.00,0.00,0,0
1690488758.182938,e1-eth2,1327245.50,0.00,1327245.50,0,1329900,928.14,0.00,928.14,0,930,0.00,0.00,0,0
1690488758.182942,s1-eth1,0.00,1327245.50,1327245.50,1329900,0,0.00,928.14,928.14,930,0,0.00,0.00,0,0
1690488758.182947,s4-eth2,453832.34,0.00,453832.34,0,454740,317.37,0.00,317.37,0,318,0.00,0.00,0,0
1690488758.182951,s5-eth1,0.00,0.00,0.00,0,0,0.00,0.00,0.00,0,0,0.00,0.00,0,0
1690488758.182955,s1-eth5,0.00,0.00,0.00,0,0,0.00,0.00,0.00,0,0,0.00,0.00,0,0
1690488758.182959,s7-eth2,0.00,439560.88,439560.88,440440,0,0.00,307.39,307.39,308,0,0.00,0.00,0,0
1690488758.182964,s7-eth6,0.00,432425.16,432425.16,433290,0,0.00,302.40,302.40,303,0,0.00,0.00,0,0
1690488758.182984,lo,3511.98,3511.98,7023.95,3519,3519,53.89,53.89,107.78,54,54,0.00,0.00,0,0
1690488758.182989,s1-eth2,439560.88,0.00,439560.88,0,440440,307.39,0.00,307.39,0,308,0.00,0.00,0,0
1690488758.182994,s5-eth2,0.00,0.00,0.00,0,0,0.00,0.00,0.00,0,0,0.00,0.00,0,0
1690488758.182998,s1-eth6,432425.16,0.00,432425.16,0,433290,302.40,0.00,302.40,0,303,0.00,0.00,0,0
1690488758.183002,s7-eth3,0.00,0.00,0.00,0,0,0.00,0.00,0.00,0,0,0.00,0.00,0,0
1690488758.183006,s6-eth1,0.00,432425.16,432425.16,433290,0,0.00,302.40,302.40,303,0,0.00,0.00,0,0
1690488758.183011,s1-eth3,0.00,0.00,0.00,0,0,0.00,0.00,0.00,0,0,0.00,0.00,0,0
1690488758.183015,e2-eth1,1290119.75,0.00,1290119.75,0,1292700,928.14,0.00,928.14,0,930,0.00,0.00,0,0
1690488758.183495,s2-eth1,0.00,439122.62,439122.62,440440,0,0.00,307.08,307.08,308,0,0.00,0.00,0,0
1690488758.183522,eth0,0.00,119.64,119.64,120,0,0.00,1.99,1.99,2,0,0.00,0.00,0,0
1690488758.183528,s3-eth1,0.00,0.00,0.00,0,0,0.00,0.00,0.00,0,0,0.00,0.00,0,0
1690488758.183532,s6-eth2,431994.03,0.00,431994.03,0,433290,302.09,0.00,302.09,0,303,0.00,0.00,0,0
1690488758.183537,s7-eth4,0.00,453379.88,453379.88,454740,0,0.00,317.05,317.05,318,0,0.00,0.00,0,0
1690488758.184005,e1-eth1,0.00,1288833.50,1288833.50,1292700,0,0.00,927.22,927.22,930,0,0.00,0.00,0,0
1690488758.184093,total,6590328.00,6590447.50,13180776.00,6610219,6610099,4685.94,4687.94,9373.88,4702,4700,0.00,0.00,0,0
1690488759.184839,s4-eth1,0.00,443399.81,443399.81,444730,0,0.00,310.07,310.07,311,0,0.00,0.00,0,0
1690488759.184887,s1-eth4,443399.81,0.00,443399.81,0,444730,310.07,0.00,310.07,0,311,0.00,0.00,0,0
1690488759.184893,s7-eth1,1325922.25,0.00,1325922.25,0,1329900,927.22,0.00,927.22,0,930,0.00,0.00,0,0
1690488759.184898,e2-eth2,0.00,1327245.50,1327245.50,1329900,0,0.00,928.14,928.14,930,0,0.00,0.00,0,0
1690488759.184903,s2-eth2,456686.62,0.00,456686.62,0,457600,319.36,0.00,319.36,0,320,0.00,0.00,0,0
1690488759.184968,s3-eth2,0.00,0.00,0.00,0,0,0.00,0.00,0.00,0,0,0.00,0.00,0,0
1690488759.185002,s7-eth5,0.00,0.00,0.00,0,0,0.00,0.00,0.00,0,0,0.00,0.00,0,0
1690488759.185007,e1-eth2,1327245.50,0.00,1327245.50,0,1329900,928.14,0.00,928.14,0,930,0.00,0.00,0,0
1690488759.185012,s1-eth1,0.00,1327245.50,1327245.50,1329900,0,0.00,928.14,928.14,930,0,0.00,0.00,0,0
1690488759.185017,s4-eth2,443842.31,0.00,443842.31,0,444730,310.38,0.00,310.38,0,311,0.00,0.00,0,0
1690488759.185022,s5-eth1,0.00,0.00,0.00,0,0,0.00,0.00,0.00,0,0,0.00,0.00,0,0
1690488759.185026,s1-eth5,0.00,0.00,0.00,0,0,0.00,0.00,0.00,0,0,0.00,0.00,0,0
1690488759.185030,s7-eth2,0.00,456686.62,456686.62,457600,0,0.00,319.36,319.36,320,0,0.00,0.00,0,0
1690488759.185035,s7-eth6,0.00,425289.44,425289.44,426140,0,0.00,297.41,297.41,298,0,0.00,0.00,0,0
1690488759.185054,lo,3511.98,3511.98,7023.95,3519,3519,53.89,53.89,107.78,54,54,0.00,0.00,0,0
1690488759.185059,s1-eth2,459540.94,0.00,459540.94,0,460460,321.36,0.00,321.36,0,322,0.00,0.00,0,0
1690488759.185064,s5-eth2,0.00,0.00,0.00,0,0,0.00,0.00,0.00,0,0,0.00,0.00,0,0
1690488759.185068,s1-eth6,425289.44,0.00,425289.44,0,426140,297.41,0.00,297.41,0,298,0.00,0.00,0,0
1690488759.185073,s7-eth3,0.00,0.00,0.00,0,0,0.00,0.00,0.00,0,0,0.00,0.00,0,0
1690488759.185077,s6-eth1,0.00,425289.44,425289.44,426140,0,0.00,297.41,297.41,298,0,0.00,0.00,0,0
1690488759.185081,s1-eth3,0.00,0.00,0.00,0,0,0.00,0.00,0.00,0,0,0.00,0.00,0,0
1690488759.185085,e2-eth1,1288732.62,0.00,1288732.62,0,1291310,927.15,0.00,927.15,0,929,0.00,0.00,0,0
1690488759.185090,s2-eth1,0.00,460000.00,460000.00,460460,0,0.00,321.68,321.68,322,0,0.00,0.00,0,0
1690488759.185101,eth0,0.00,243.76,243.76,244,0,0.00,4.00,4.00,4,0,0.00,0.00,0,0
1690488759.185111,s3-eth1,0.00,0.00,0.00,0,0,0.00,0.00,0.00,0,0,0.00,0.00,0,0
1690488759.185116,s6-eth2,425714.31,0.00,425714.31,0,426140,297.70,0.00,297.70,0,298,0.00,0.00,0,0
1690488759.185121,s7-eth4,0.00,444285.72,444285.72,444730,0,0.00,310.69,310.69,311,0,0.00,0.00,0,0
1690488759.185125,e1-eth1,0.00,1290020.00,1290020.00,1291310,0,0.00,928.07,928.07,929,0,0.00,0.00,0,0
1690488759.185130,total,6607821.50,6608065.00,13215886.00,6614673,6614429,4698.30,4702.30,9400.60,4707,4703,0.00,0.00,0,0
1690488760.185498,s4-eth1,0.00,430430.00,430430.00,430430,0,0.00,301.00,301.00,301,0,0.00,0.00,0,0
1690488760.185535,s1-eth4,430430.00,0.00,430430.00,0,430430,301.00,0.00,301.00,0,301,0.00,0.00,0,0
1690488760.185542,s7-eth1,1327040.00,0.00,1327040.00,0,1327040,928.00,0.00,928.00,0,928,0.00,0.00,0,0
1690488760.185547,e2-eth2,0.00,1327040.00,1327040.00,1327040,0,0.00,928.00,928.00,928,0,0.00,0.00,0,0
1690488760.185552,s2-eth2,473330.00,0.00,473330.00,0,473330,331.00,0.00,331.00,0,331,0.00,0.00,0,0
1690488760.185556,s3-eth2,0.00,0.00,0.00,0,0,0.00,0.00,0.00,0,0,0.00,0.00,0,0
1690488760.185576,s7-eth5,0.00,0.00,0.00,0,0,0.00,0.00,0.00,0,0,0.00,0.00,0,0
1690488760.185580,e1-eth2,1327040.00,0.00,1327040.00,0,1327040,928.00,0.00,928.00,0,928,0.00,0.00,0,0
1690488760.185585,s1-eth1,0.00,1327040.00,1327040.00,1327040,0,0.00,928.00,928.00,928,0,0.00,0.00,0,0
1690488760.185589,s4-eth2,430430.00,0.00,430430.00,0,430430,301.00,0.00,301.00,0,301,0.00,0.00,0,0
1690488760.185594,s5-eth1,0.00,0.00,0.00,0,0,0.00,0.00,0.00,0,0,0.00,0.00,0,0
1690488760.185598,s1-eth5,0.00,0.00,0.00,0,0,0.00,0.00,0.00,0,0,0.00,0.00,0,0
1690488760.185602,s7-eth2,0.00,473330.00,473330.00,473330,0,0.00,331.00,331.00,331,0,0.00,0.00,0,0
1690488760.185618,s7-eth6,0.00,424710.00,424710.00,424710,0,0.00,297.00,297.00,297,0,0.00,0.00,0,0
1690488760.185637,lo,3519.00,3519.00,7038.00,3519,3519,54.00,54.00,108.00,54,54,0.00,0.00,0,0
1690488760.185642,s1-eth2,470470.00,0.00,470470.00,0,470470,329.00,0.00,329.00,0,329,0.00,0.00,0,0
1690488760.185647,s5-eth2,0.00,0.00,0.00,0,0,0.00,0.00,0.00,0,0,0.00,0.00,0,0
1690488760.185651,s1-eth6,424710.00,0.00,424710.00,0,424710,297.00,0.00,297.00,0,297,0.00,0.00,0,0
1690488760.185661,s7-eth3,0.00,0.00,0.00,0,0,0.00,0.00,0.00,0,0,0.00,0.00,0,0
1690488760.185665,s6-eth1,0.00,424710.00,424710.00,424710,0,0.00,297.00,297.00,297,0,0.00,0.00,0,0
1690488760.185669,s1-eth3,0.00,0.00,0.00,0,0,0.00,0.00,0.00,0,0,0.00,0.00,0,0
1690488760.185673,e2-eth1,1288530.00,0.00,1288530.00,0,1288530,927.00,0.00,927.00,0,927,0.00,0.00,0,0
1690488760.185678,s2-eth1,0.00,470470.00,470470.00,470470,0,0.00,329.00,329.00,329,0,0.00,0.00,0,0
1690488760.185688,eth0,0.00,0.00,0.00,0,0,0.00,0.00,0.00,0,0,0.00,0.00,0,0
1690488760.185693,s3-eth1,0.00,0.00,0.00,0,0,0.00,0.00,0.00,0,0,0.00,0.00,0,0
1690488760.185697,s6-eth2,424710.00,0.00,424710.00,0,424710,297.00,0.00,297.00,0,297,0.00,0.00,0,0
1690488760.185701,s7-eth4,0.00,430430.00,430430.00,430430,0,0.00,301.00,301.00,301,0,0.00,0.00,0,0
1690488760.185706,e1-eth1,0.00,1289920.00,1289920.00,1289920,0,0.00,928.00,928.00,928,0,0.00,0.00,0,0
1690488760.185710,total,6600209.00,6601599.00,13201808.00,6601599,6600209,4693.00,4694.00,9387.00,4694,4693,0.00,0.00,0,0
1690488761.186016,s4-eth1,0.00,437580.00,437580.00,437580,0,0.00,306.00,306.00,306,0,0.00,0.00,0,0
1690488761.186127,s1-eth4,437580.00,0.00,437580.00,0,437580,306.00,0.00,306.00,0,306,0.00,0.00,0,0
1690488761.186136,s7-eth1,1327040.00,0.00,1327040.00,0,1327040,928.00,0.00,928.00,0,928,0.00,0.00,0,0
1690488761.186168,e2-eth2,0.00,1327040.00,1327040.00,1327040,0,0.00,928.00,928.00,928,0,0.00,0.00,0,0
1690488761.186184,s2-eth2,440440.00,0.00,440440.00,0,440440,308.00,0.00,308.00,0,308,0.00,0.00,0,0
1690488761.186190,s3-eth2,0.00,0.00,0.00,0,0,0.00,0.00,0.00,0,0,0.00,0.00,0,0
1690488761.186210,s7-eth5,0.00,0.00,0.00,0,0,0.00,0.00,0.00,0,0,0.00,0.00,0,0
1690488761.186215,e1-eth2,1325610.00,0.00,1325610.00,0,1325610,927.00,0.00,927.00,0,927,0.00,0.00,0,0
1690488761.186220,s1-eth1,0.00,1325610.00,1325610.00,1325610,0,0.00,927.00,927.00,927,0,0.00,0.00,0,0
1690488761.186224,s4-eth2,437580.00,0.00,437580.00,0,437580,306.00,0.00,306.00,0,306,0.00,0.00,0,0
1690488761.186229,s5-eth1,0.00,0.00,0.00,0,0,0.00,0.00,0.00,0,0,0.00,0.00,0,0
1690488761.186233,s1-eth5,0.00,0.00,0.00,0,0,0.00,0.00,0.00,0,0,0.00,0.00,0,0
1690488761.186237,s7-eth2,0.00,440440.00,440440.00,440440,0,0.00,308.00,308.00,308,0,0.00,0.00,0,0
1690488761.186253,s7-eth6,0.00,449020.00,449020.00,449020,0,0.00,314.00,314.00,314,0,0.00,0.00,0,0
1690488761.186274,lo,3519.00,3519.00,7038.00,3519,3519,54.00,54.00,108.00,54,54,0.00,0.00,0,0
1690488761.186282,s1-eth2,440440.00,0.00,440440.00,0,440440,308.00,0.00,308.00,0,308,0.00,0.00,0,0
1690488761.186287,s5-eth2,0.00,0.00,0.00,0,0,0.00,0.00,0.00,0,0,0.00,0.00,0,0
1690488761.186291,s1-eth6,449020.00,0.00,449020.00,0,449020,314.00,0.00,314.00,0,314,0.00,0.00,0,0
1690488761.186296,s7-eth3,0.00,0.00,0.00,0,0,0.00,0.00,0.00,0,0,0.00,0.00,0,0
1690488761.186300,s6-eth1,0.00,449020.00,449020.00,449020,0,0.00,314.00,314.00,314,0,0.00,0.00,0,0
1690488761.186304,s1-eth3,0.00,0.00,0.00,0,0,0.00,0.00,0.00,0,0,0.00,0.00,0,0
1690488761.186308,e2-eth1,1291310.00,0.00,1291310.00,0,1291310,929.00,0.00,929.00,0,929,0.00,0.00,0,0
1690488761.186313,s2-eth1,0.00,440440.00,440440.00,440440,0,0.00,308.00,308.00,308,0,0.00,0.00,0,0
1690488761.186324,eth0,0.00,60.00,60.00,60,0,0.00,1.00,1.00,1,0,0.00,0.00,0,0
1690488761.186328,s3-eth1,0.00,0.00,0.00,0,0,0.00,0.00,0.00,0,0,0.00,0.00,0,0
1690488761.186332,s6-eth2,449020.00,0.00,449020.00,0,449020,314.00,0.00,314.00,0,314,0.00,0.00,0,0
1690488761.186337,s7-eth4,0.00,437580.00,437580.00,437580,0,0.00,306.00,306.00,306,0,0.00,0.00,0,0
1690488761.186341,e1-eth1,0.00,1289920.00,1289920.00,1289920,0,0.00,928.00,928.00,928,0,0.00,0.00,0,0
1690488761.186354,total,6601559.00,6600229.00,13201788.00,6600229,6601559,4694.00,4694.00,9388.00,4694,4694,0.00,0.00,0,0
1690488762.186658,s4-eth1,0.00,453310.00,453310.00,453310,0,0.00,317.00,317.00,317,0,0.00,0.00,0,0
1690488762.186695,s1-eth4,453310.00,0.00,453310.00,0,453310,317.00,0.00,317.00,0,317,0.00,0.00,0,0
1690488762.186701,s7-eth1,1325610.00,0.00,1325610.00,0,1325610,927.00,0.00,927.00,0,927,0.00,0.00,0,0
1690488762.186706,e2-eth2,0.00,1325610.00,1325610.00,1325610,0,0.00,927.00,927.00,927,0,0.00,0.00,0,0
1690488762.186711,s2-eth2,451880.00,0.00,451880.00,0,451880,316.00,0.00,316.00,0,316,0.00,0.00,0,0
1690488762.186715,s3-eth2,0.00,0.00,0.00,0,0,0.00,0.00,0.00,0,0,0.00,0.00,0,0
1690488762.186733,s7-eth5,0.00,0.00,0.00,0,0,0.00,0.00,0.00,0,0,0.00,0.00,0,0
1690488762.186855,e1-eth2,1328470.00,0.00,1328470.00,0,1328470,929.00,0.00,929.00,0,929,0.00,0.00,0,0
1690488762.186875,s1-eth1,0.00,1328470.00,1328470.00,1328470,0,0.00,929.00,929.00,929,0,0.00,0.00,0,0
1690488762.186880,s4-eth2,453310.00,0.00,453310.00,0,453310,317.00,0.00,317.00,0,317,0.00,0.00,0,0
1690488762.186885,s5-eth1,0.00,0.00,0.00,0,0,0.00,0.00,0.00,0,0,0.00,0.00,0,0
1690488762.186890,s1-eth5,0.00,0.00,0.00,0,0,0.00,0.00,0.00,0,0,0.00,0.00,0,0
1690488762.186894,s7-eth2,0.00,451880.00,451880.00,451880,0,0.00,316.00,316.00,316,0,0.00,0.00,0,0
1690488762.186898,s7-eth6,0.00,418990.00,418990.00,418990,0,0.00,293.00,293.00,293,0,0.00,0.00,0,0
1690488762.186921,lo,3519.00,3519.00,7038.00,3519,3519,54.00,54.00,108.00,54,54,0.00,0.00,0,0
1690488762.186929,s1-eth2,451880.00,0.00,451880.00,0,451880,316.00,0.00,316.00,0,316,0.00,0.00,0,0
1690488762.186936,s5-eth2,0.00,0.00,0.00,0,0,0.00,0.00,0.00,0,0,0.00,0.00,0,0
1690488762.186941,s1-eth6,418990.00,0.00,418990.00,0,418990,293.00,0.00,293.00,0,293,0.00,0.00,0,0
1690488762.186945,s7-eth3,0.00,0.00,0.00,0,0,0.00,0.00,0.00,0,0,0.00,0.00,0,0
1690488762.186949,s6-eth1,0.00,418990.00,418990.00,418990,0,0.00,293.00,293.00,293,0,0.00,0.00,0,0
1690488762.186954,s1-eth3,0.00,0.00,0.00,0,0,0.00,0.00,0.00,0,0,0.00,0.00,0,0
1690488762.186958,e2-eth1,1288530.00,0.00,1288530.00,0,1288530,927.00,0.00,927.00,0,927,0.00,0.00,0,0
1690488762.186962,s2-eth1,0.00,451880.00,451880.00,451880,0,0.00,316.00,316.00,316,0,0.00,0.00,0,0
1690488762.187022,eth0,0.00,60.00,60.00,60,0,0.00,1.00,1.00,1,0,0.00,0.00,0,0
1690488762.187031,s3-eth1,0.00,0.00,0.00,0,0,0.00,0.00,0.00,0,0,0.00,0.00,0,0
1690488762.187035,s6-eth2,418990.00,0.00,418990.00,0,418990,293.00,0.00,293.00,0,293,0.00,0.00,0,0
1690488762.187040,s7-eth4,0.00,453310.00,453310.00,453310,0,0.00,317.00,317.00,317,0,0.00,0.00,0,0
1690488762.187126,e1-eth1,0.00,1289920.00,1289920.00,1289920,0,0.00,928.00,928.00,928,0,0.00,0.00,0,0
1690488762.187136,total,6594489.00,6595939.00,13190428.00,6595939,6594489,4689.00,4691.00,9380.00,4691,4689,0.00,0.00,0,0
1690488763.187868,s4-eth1,0.00,757142.88,757142.88,757900,0,0.00,529.47,529.47,530,0,0.00,0.00,0,0
1690488763.189279,s1-eth4,756387.25,0.00,756387.25,0,757900,528.94,0.00,528.94,0,530,0.00,0.00,0,0
1690488763.189429,s7-eth1,1327245.50,0.00,1327245.50,0,1329900,928.14,0.00,928.14,0,930,0.00,0.00,0,0
1690488763.189435,e2-eth2,0.00,1327245.50,1327245.50,1329900,0,0.00,928.14,928.14,930,0,0.00,0.00,0,0
1690488763.189441,s2-eth2,312544.91,0.00,312544.91,0,313170,218.56,0.00,218.56,0,219,0.00,0.00,0,0
1690488763.189446,s3-eth2,0.00,0.00,0.00,0,0,0.00,0.00,0.00,0,0,0.00,0.00,0,0
1690488763.189471,s7-eth5,0.00,0.00,0.00,0,0,0.00,0.00,0.00,0,0,0.00,0.00,0,0
1690488763.189475,e1-eth2,1324391.25,0.00,1324391.25,0,1327040,926.15,0.00,926.15,0,928,0.00,0.00,0,0
1690488763.189480,s1-eth1,0.00,1324391.25,1324391.25,1327040,0,0.00,926.15,926.15,928,0,0.00,0.00,0,0
1690488763.189561,s4-eth2,757814.38,0.00,757814.38,0,759330,529.94,0.00,529.94,0,531,0.00,0.00,0,0
1690488763.189567,s5-eth1,0.00,0.00,0.00,0,0,0.00,0.00,0.00,0,0,0.00,0.00,0,0
1690488763.189571,s1-eth5,0.00,0.00,0.00,0,0,0.00,0.00,0.00,0,0,0.00,0.00,0,0
1690488763.189575,s7-eth2,0.00,312544.91,312544.91,313170,0,0.00,218.56,218.56,219,0,0.00,0.00,0,0
1690488763.189589,s7-eth6,0.00,258313.38,258313.38,258830,0,0.00,180.64,180.64,181,0,0.00,0.00,0,0
1690488763.189636,lo,25420.16,25420.16,50840.32,25471,25471,71.86,71.86,143.71,72,72,0.00,0.00,0,0
1690488763.189653,s1-eth2,312544.91,0.00,312544.91,0,313170,218.56,0.00,218.56,0,219,0.00,0.00,0,0
1690488763.189658,s5-eth2,0.00,0.00,0.00,0,0,0.00,0.00,0.00,0,0,0.00,0.00,0,0
1690488763.189662,s1-eth6,258313.38,0.00,258313.38,0,258830,180.64,0.00,180.64,0,181,0.00,0.00,0,0
1690488763.189667,s7-eth3,0.00,0.00,0.00,0,0,0.00,0.00,0.00,0,0,0.00,0.00,0,0
1690488763.189671,s6-eth1,0.00,258313.38,258313.38,258830,0,0.00,180.64,180.64,181,0,0.00,0.00,0,0
1690488763.189676,s1-eth3,0.00,0.00,0.00,0,0,0.00,0.00,0.00,0,0,0.00,0.00,0,0
1690488763.189680,e2-eth1,1290119.75,0.00,1290119.75,0,1292700,928.14,0.00,928.14,0,930,0.00,0.00,0,0
1690488763.189685,s2-eth1,0.00,312544.91,312544.91,313170,0,0.00,218.56,218.56,219,0,0.00,0.00,0,0
1690488763.189697,eth0,0.00,119.76,119.76,120,0,0.00,2.00,2.00,2,0,0.00,0.00,0,0
1690488763.189701,s3-eth1,0.00,0.00,0.00,0,0,0.00,0.00,0.00,0,0,0.00,0.00,0,0
1690488763.189745,s6-eth2,258313.38,0.00,258313.38,0,258830,180.64,0.00,180.64,0,181,0.00,0.00,0,0
1690488763.189754,s7-eth4,0.00,757814.38,757814.38,759330,0,0.00,529.94,529.94,531,0,0.00,0.00,0,0
1690488763.189759,e1-eth1,0.00,1290119.75,1290119.75,1292700,0,0.00,928.14,928.14,930,0,0.00,0.00,0,0
1690488763.189824,total,6623095.00,6623215.00,13246310.00,6636461,6636341,4711.58,4713.57,9425.15,4723,4721,0.00,0.00,0,0
1690488764.190397,s4-eth1,0.00,1327245.50,1327245.50,1329900,0,0.00,928.14,928.14,930,0,0.00,0.00,0,0
1690488764.190432,s1-eth4,1328571.50,0.00,1328571.50,0,1329900,929.07,0.00,929.07,0,930,0.00,0.00,0,0
1690488764.190437,s7-eth1,1327142.88,0.00,1327142.88,0,1328470,928.07,0.00,928.07,0,929,0.00,0.00,0,0
1690488764.190442,e2-eth2,0.00,1327142.88,1327142.88,1328470,0,0.00,928.07,928.07,929,0,0.00,0.00,0,0
1690488764.190447,s2-eth2,0.00,0.00,0.00,0,0,0.00,0.00,0.00,0,0,0.00,0.00,0,0
1690488764.190451,s3-eth2,0.00,0.00,0.00,0,0,0.00,0.00,0.00,0,0,0.00,0.00,0,0
1690488764.190468,s7-eth5,0.00,0.00,0.00,0,0,0.00,0.00,0.00,0,0,0.00,0.00,0,0
1690488764.190472,e1-eth2,1328470.00,0.00,1328470.00,0,1328470,929.00,0.00,929.00,0,929,0.00,0.00,0,0
1690488764.190476,s1-eth1,0.00,1328470.00,1328470.00,1328470,0,0.00,929.00,929.00,929,0,0.00,0.00,0,0
1690488764.190481,s4-eth2,1328470.00,0.00,1328470.00,0,1328470,929.00,0.00,929.00,0,929,0.00,0.00,0,0
1690488764.190486,s5-eth1,0.00,0.00,0.00,0,0,0.00,0.00,0.00,0,0,0.00,0.00,0,0
1690488764.190490,s1-eth5,0.00,0.00,0.00,0,0,0.00,0.00,0.00,0,0,0.00,0.00,0,0
1690488764.190494,s7-eth2,0.00,0.00,0.00,0,0,0.00,0.00,0.00,0,0,0.00,0.00,0,0
1690488764.190497,s7-eth6,0.00,0.00,0.00,0,0,0.00,0.00,0.00,0,0,0.00,0.00,0,0
1690488764.190516,lo,3519.00,3519.00,7038.00,3519,3519,54.00,54.00,108.00,54,54,0.00,0.00,0,0
1690488764.190521,s1-eth2,0.00,0.00,0.00,0,0,0.00,0.00,0.00,0,0,0.00,0.00,0,0
1690488764.190525,s5-eth2,0.00,0.00,0.00,0,0,0.00,0.00,0.00,0,0,0.00,0.00,0,0
1690488764.190529,s1-eth6,0.00,0.00,0.00,0,0,0.00,0.00,0.00,0,0,0.00,0.00,0,0
1690488764.190533,s7-eth3,0.00,0.00,0.00,0,0,0.00,0.00,0.00,0,0,0.00,0.00,0,0
1690488764.190637,s6-eth1,0.00,0.00,0.00,0,0,0.00,0.00,0.00,0,0,0.00,0.00,0,0
1690488764.190652,s1-eth3,0.00,0.00,0.00,0,0,0.00,0.00,0.00,0,0,0.00,0.00,0,0
1690488764.190660,e2-eth1,1291310.00,0.00,1291310.00,0,1291310,929.00,0.00,929.00,0,929,0.00,0.00,0,0
1690488764.190668,s2-eth1,0.00,0.00,0.00,0,0,0.00,0.00,0.00,0,0,0.00,0.00,0,0
1690488764.190685,eth0,0.00,60.00,60.00,60,0,0.00,1.00,1.00,1,0,0.00,0.00,0,0
1690488764.190693,s3-eth1,0.00,0.00,0.00,0,0,0.00,0.00,0.00,0,0,0.00,0.00,0,0
1690488764.190700,s6-eth2,0.00,0.00,0.00,0,0,0.00,0.00,0.00,0,0,0.00,0.00,0,0
1690488764.190707,s7-eth4,0.00,1328470.00,1328470.00,1328470,0,0.00,929.00,929.00,929,0,0.00,0.00,0,0
1690488764.190715,e1-eth1,0.00,1289920.00,1289920.00,1289920,0,0.00,928.00,928.00,928,0,0.00,0.00,0,0
1690488764.190722,total,6610139.00,6608809.00,13218948.00,6608809,6610139,4700.00,4700.00,9400.00,4700,4700,0.00,0.00,0,0
1690488765.191295,s4-eth1,0.00,1327040.00,1327040.00,1327040,0,0.00,928.00,928.00,928,0,0.00,0.00,0,0
1690488765.191328,s1-eth4,1327040.00,0.00,1327040.00,0,1327040,928.00,0.00,928.00,0,928,0.00,0.00,0,0
1690488765.191334,s7-eth1,1328470.00,0.00,1328470.00,0,1328470,929.00,0.00,929.00,0,929,0.00,0.00,0,0
1690488765.191338,e2-eth2,0.00,1328470.00,1328470.00,1328470,0,0.00,929.00,929.00,929,0,0.00,0.00,0,0
1690488765.191342,s2-eth2,0.00,0.00,0.00,0,0,0.00,0.00,0.00,0,0,0.00,0.00,0,0
1690488765.191346,s3-eth2,0.00,0.00,0.00,0,0,0.00,0.00,0.00,0,0,0.00,0.00,0,0
1690488765.191361,s7-eth5,0.00,0.00,0.00,0,0,0.00,0.00,0.00,0,0,0.00,0.00,0,0
1690488765.191365,e1-eth2,1328470.00,0.00,1328470.00,0,1328470,929.00,0.00,929.00,0,929,0.00,0.00,0,0
1690488765.191368,s1-eth1,0.00,1328470.00,1328470.00,1328470,0,0.00,929.00,929.00,929,0,0.00,0.00,0,0
1690488765.191372,s4-eth2,1327040.00,0.00,1327040.00,0,1327040,928.00,0.00,928.00,0,928,0.00,0.00,0,0
1690488765.191376,s5-eth1,0.00,0.00,0.00,0,0,0.00,0.00,0.00,0,0,0.00,0.00,0,0
1690488765.191380,s1-eth5,0.00,0.00,0.00,0,0,0.00,0.00,0.00,0,0,0.00,0.00,0,0
1690488765.191384,s7-eth2,0.00,0.00,0.00,0,0,0.00,0.00,0.00,0,0,0.00,0.00,0,0
1690488765.191398,s7-eth6,0.00,0.00,0.00,0,0,0.00,0.00,0.00,0,0,0.00,0.00,0,0
1690488765.191415,lo,3519.00,3519.00,7038.00,3519,3519,54.00,54.00,108.00,54,54,0.00,0.00,0,0
1690488765.191419,s1-eth2,0.00,0.00,0.00,0,0,0.00,0.00,0.00,0,0,0.00,0.00,0,0
1690488765.191423,s5-eth2,0.00,0.00,0.00,0,0,0.00,0.00,0.00,0,0,0.00,0.00,0,0
1690488765.191428,s1-eth6,0.00,0.00,0.00,0,0,0.00,0.00,0.00,0,0,0.00,0.00,0,0
1690488765.191442,s7-eth3,0.00,0.00,0.00,0,0,0.00,0.00,0.00,0,0,0.00,0.00,0,0
1690488765.191447,s6-eth1,0.00,0.00,0.00,0,0,0.00,0.00,0.00,0,0,0.00,0.00,0,0
1690488765.191451,s1-eth3,0.00,0.00,0.00,0,0,0.00,0.00,0.00,0,0,0.00,0.00,0,0
1690488765.191455,e2-eth1,1291310.00,0.00,1291310.00,0,1291310,929.00,0.00,929.00,0,929,0.00,0.00,0,0
1690488765.191459,s2-eth1,0.00,0.00,0.00,0,0,0.00,0.00,0.00,0,0,0.00,0.00,0,0
1690488765.191470,eth0,0.00,0.00,0.00,0,0,0.00,0.00,0.00,0,0,0.00,0.00,0,0
1690488765.191474,s3-eth1,0.00,0.00,0.00,0,0,0.00,0.00,0.00,0,0,0.00,0.00,0,0
1690488765.191478,s6-eth2,0.00,0.00,0.00,0,0,0.00,0.00,0.00,0,0,0.00,0.00,0,0
1690488765.191482,s7-eth4,0.00,1327040.00,1327040.00,1327040,0,0.00,928.00,928.00,928,0,0.00,0.00,0,0
1690488765.191486,e1-eth1,0.00,1289920.00,1289920.00,1289920,0,0.00,928.00,928.00,928,0,0.00,0.00,0,0
1690488765.191490,total,6605849.00,6604459.00,13210308.00,6604459,6605849,4697.00,4696.00,9393.00,4696,4697,0.00,0.00,0,0
1690488766.191818,s4-eth1,0.00,1325610.00,1325610.00,1325610,0,0.00,927.00,927.00,927,0,0.00,0.00,0,0
1690488766.191952,s1-eth4,1325610.00,0.00,1325610.00,0,1325610,927.00,0.00,927.00,0,927,0.00,0.00,0,0
1690488766.191963,s7-eth1,1325610.00,0.00,1325610.00,0,1325610,927.00,0.00,927.00,0,927,0.00,0.00,0,0
1690488766.191968,e2-eth2,0.00,1325610.00,1325610.00,1325610,0,0.00,927.00,927.00,927,0,0.00,0.00,0,0
1690488766.191972,s2-eth2,0.00,0.00,0.00,0,0,0.00,0.00,0.00,0,0,0.00,0.00,0,0
1690488766.191976,s3-eth2,0.00,0.00,0.00,0,0,0.00,0.00,0.00,0,0,0.00,0.00,0,0
1690488766.191995,s7-eth5,0.00,0.00,0.00,0,0,0.00,0.00,0.00,0,0,0.00,0.00,0,0
1690488766.192010,e1-eth2,1325610.00,0.00,1325610.00,0,1325610,927.00,0.00,927.00,0,927,0.00,0.00,0,0
1690488766.192014,s1-eth1,0.00,1325610.00,1325610.00,1325610,0,0.00,927.00,927.00,927,0,0.00,0.00,0,0
1690488766.192019,s4-eth2,1325610.00,0.00,1325610.00,0,1325610,927.00,0.00,927.00,0,927,0.00,0.00,0,0
1690488766.192023,s5-eth1,0.00,0.00,0.00,0,0,0.00,0.00,0.00,0,0,0.00,0.00,0,0
1690488766.192027,s1-eth5,0.00,0.00,0.00,0,0,0.00,0.00,0.00,0,0,0.00,0.00,0,0
1690488766.192031,s7-eth2,0.00,0.00,0.00,0,0,0.00,0.00,0.00,0,0,0.00,0.00,0,0
1690488766.192035,s7-eth6,0.00,0.00,0.00,0,0,0.00,0.00,0.00,0,0,0.00,0.00,0,0
1690488766.192054,lo,3519.00,3519.00,7038.00,3519,3519,54.00,54.00,108.00,54,54,0.00,0.00,0,0
1690488766.192059,s1-eth2,0.00,0.00,0.00,0,0,0.00,0.00,0.00,0,0,0.00,0.00,0,0
1690488766.192063,s5-eth2,0.00,0.00,0.00,0,0,0.00,0.00,0.00,0,0,0.00,0.00,0,0
1690488766.192067,s1-eth6,0.00,0.00,0.00,0,0,0.00,0.00,0.00,0,0,0.00,0.00,0,0
1690488766.192080,s7-eth3,0.00,0.00,0.00,0,0,0.00,0.00,0.00,0,0,0.00,0.00,0,0
1690488766.192084,s6-eth1,0.00,0.00,0.00,0,0,0.00,0.00,0.00,0,0,0.00,0.00,0,0
1690488766.192088,s1-eth3,0.00,0.00,0.00,0,0,0.00,0.00,0.00,0,0,0.00,0.00,0,0
1690488766.192092,e2-eth1,1287140.00,0.00,1287140.00,0,1287140,926.00,0.00,926.00,0,926,0.00,0.00,0,0
1690488766.192097,s2-eth1,0.00,0.00,0.00,0,0,0.00,0.00,0.00,0,0,0.00,0.00,0,0
1690488766.192107,eth0,0.00,60.00,60.00,60,0,0.00,1.00,1.00,1,0,0.00,0.00,0,0
1690488766.192111,s3-eth1,0.00,0.00,0.00,0,0,0.00,0.00,0.00,0,0,0.00,0.00,0,0
1690488766.192115,s6-eth2,0.00,0.00,0.00,0,0,0.00,0.00,0.00,0,0,0.00,0.00,0,0
1690488766.192119,s7-eth4,0.00,1325610.00,1325610.00,1325610,0,0.00,927.00,927.00,927,0,0.00,0.00,0,0
1690488766.192124,e1-eth1,0.00,1289920.00,1289920.00,1289920,0,0.00,928.00,928.00,928,0,0.00,0.00,0,0
1690488766.192128,total,6593099.00,6595939.00,13189038.00,6595939,6593099,4688.00,4691.00,9379.00,4691,4688,0.00,0.00,0,0
1690488767.192468,s4-eth1,0.00,1328470.00,1328470.00,1328470,0,0.00,929.00,929.00,929,0,0.00,0.00,0,0
1690488767.192501,s1-eth4,1328470.00,0.00,1328470.00,0,1328470,929.00,0.00,929.00,0,929,0.00,0.00,0,0
1690488767.192517,s7-eth1,1328470.00,0.00,1328470.00,0,1328470,929.00,0.00,929.00,0,929,0.00,0.00,0,0
1690488767.192521,e2-eth2,0.00,1328470.00,1328470.00,1328470,0,0.00,929.00,929.00,929,0,0.00,0.00,0,0
1690488767.192525,s2-eth2,0.00,0.00,0.00,0,0,0.00,0.00,0.00,0,0,0.00,0.00,0,0
1690488767.192529,s3-eth2,0.00,0.00,0.00,0,0,0.00,0.00,0.00,0,0,0.00,0.00,0,0
1690488767.192543,s7-eth5,0.00,0.00,0.00,0,0,0.00,0.00,0.00,0,0,0.00,0.00,0,0
1690488767.192547,e1-eth2,1327040.00,0.00,1327040.00,0,1327040,928.00,0.00,928.00,0,928,0.00,0.00,0,0
1690488767.192551,s1-eth1,0.00,1327040.00,1327040.00,1327040,0,0.00,928.00,928.00,928,0,0.00,0.00,0,0
1690488767.192555,s4-eth2,1328470.00,0.00,1328470.00,0,1328470,929.00,0.00,929.00,0,929,0.00,0.00,0,0
1690488767.192559,s5-eth1,0.00,0.00,0.00,0,0,0.00,0.00,0.00,0,0,0.00,0.00,0,0
1690488767.192563,s1-eth5,0.00,0.00,0.00,0,0,0.00,0.00,0.00,0,0,0.00,0.00,0,0
1690488767.192567,s7-eth2,0.00,0.00,0.00,0,0,0.00,0.00,0.00,0,0,0.00,0.00,0,0
1690488767.192570,s7-eth6,0.00,0.00,0.00,0,0,0.00,0.00,0.00,0,0,0.00,0.00,0,0
1690488767.192587,lo,3519.00,3519.00,7038.00,3519,3519,54.00,54.00,108.00,54,54,0.00,0.00,0,0
1690488767.192592,s1-eth2,0.00,0.00,0.00,0,0,0.00,0.00,0.00,0,0,0.00,0.00,0,0
1690488767.192596,s5-eth2,0.00,0.00,0.00,0,0,0.00,0.00,0.00,0,0,0.00,0.00,0,0
1690488767.192599,s1-eth6,0.00,0.00,0.00,0,0,0.00,0.00,0.00,0,0,0.00,0.00,0,0
1690488767.192603,s7-eth3,0.00,0.00,0.00,0,0,0.00,0.00,0.00,0,0,0.00,0.00,0,0
1690488767.192607,s6-eth1,0.00,0.00,0.00,0,0,0.00,0.00,0.00,0,0,0.00,0.00,0,0
1690488767.192610,s1-eth3,0.00,0.00,0.00,0,0,0.00,0.00,0.00,0,0,0.00,0.00,0,0
1690488767.192614,e2-eth1,1291310.00,0.00,1291310.00,0,1291310,929.00,0.00,929.00,0,929,0.00,0.00,0,0
1690488767.192618,s2-eth1,0.00,0.00,0.00,0,0,0.00,0.00,0.00,0,0,0.00,0.00,0,0
1690488767.192628,eth0,0.00,240.00,240.00,240,0,0.00,4.00,4.00,4,0,0.00,0.00,0,0
1690488767.192632,s3-eth1,0.00,0.00,0.00,0,0,0.00,0.00,0.00,0,0,0.00,0.00,0,0
1690488767.192637,s6-eth2,0.00,0.00,0.00,0,0,0.00,0.00,0.00,0,0,0.00,0.00,0,0
1690488767.192640,s7-eth4,0.00,1328470.00,1328470.00,1328470,0,0.00,929.00,929.00,929,0,0.00,0.00,0,0
1690488767.192645,e1-eth1,0.00,1288530.00,1288530.00,1288530,0,0.00,927.00,927.00,927,0,0.00,0.00,0,0
1690488767.192648,total,6607279.00,6604739.00,13212018.00,6604739,6607279,4698.00,4700.00,9398.00,4700,4698,0.00,0.00,0,0
1690488768.192863,s4-eth1,0.00,1327040.00,1327040.00,1327040,0,0.00,928.00,928.00,928,0,0.00,0.00,0,0
1690488768.196572,s1-eth4,1321753.00,0.00,1321753.00,0,1327040,924.30,0.00,924.30,0,928,0.00,0.00,0,0
1690488768.196588,s7-eth1,1320328.75,0.00,1320328.75,0,1325610,923.31,0.00,923.31,0,927,0.00,0.00,0,0
1690488768.196604,e2-eth2,0.00,1320328.75,1320328.75,1325610,0,0.00,923.31,923.31,927,0,0.00,0.00,0,0
1690488768.196609,s2-eth2,0.00,0.00,0.00,0,0,0.00,0.00,0.00,0,0,0.00,0.00,0,0
1690488768.196614,s3-eth2,0.00,0.00,0.00,0,0,0.00,0.00,0.00,0,0,0.00,0.00,0,0
1690488768.196651,s7-eth5,0.00,0.00,0.00,0,0,0.00,0.00,0.00,0,0,0.00,0.00,0,0
1690488768.196655,e1-eth2,1324601.62,0.00,1324601.62,0,1329900,926.29,0.00,926.29,0,930,0.00,0.00,0,0
1690488768.196659,s1-eth1,0.00,1324601.62,1324601.62,1329900,0,0.00,926.29,926.29,930,0,0.00,0.00,0,0
1690488768.196663,s4-eth2,1324601.62,0.00,1324601.62,0,1329900,926.29,0.00,926.29,0,930,0.00,0.00,0,0
1690488768.196667,s5-eth1,0.00,0.00,0.00,0,0,0.00,0.00,0.00,0,0,0.00,0.00,0,0
1690488768.196671,s1-eth5,0.00,0.00,0.00,0,0,0.00,0.00,0.00,0,0,0.00,0.00,0,0
1690488768.196675,s7-eth2,0.00,0.00,0.00,0,0,0.00,0.00,0.00,0,0,0.00,0.00,0,0
1690488768.196678,s7-eth6,0.00,0.00,0.00,0,0,0.00,0.00,0.00,0,0,0.00,0.00,0,0
1690488768.196696,lo,3504.98,3504.98,7009.96,3519,3519,53.78,53.78,107.57,54,54,0.00,0.00,0,0
1690488768.196701,s1-eth2,0.00,0.00,0.00,0,0,0.00,0.00,0.00,0,0,0.00,0.00,0,0
1690488768.196705,s5-eth2,0.00,0.00,0.00,0,0,0.00,0.00,0.00,0,0,0.00,0.00,0,0
1690488768.196708,s1-eth6,0.00,0.00,0.00,0,0,0.00,0.00,0.00,0,0,0.00,0.00,0,0
1690488768.196712,s7-eth3,0.00,0.00,0.00,0,0,0.00,0.00,0.00,0,0,0.00,0.00,0,0
1690488768.196721,s6-eth1,0.00,0.00,0.00,0,0,0.00,0.00,0.00,0,0,0.00,0.00,0,0
1690488768.196725,s1-eth3,0.00,0.00,0.00,0,0,0.00,0.00,0.00,0,0,0.00,0.00,0,0
1690488768.196728,e2-eth1,1288934.25,0.00,1288934.25,0,1294090,927.29,0.00,927.29,0,931,0.00,0.00,0,0
1690488768.196732,s2-eth1,0.00,0.00,0.00,0,0,0.00,0.00,0.00,0,0,0.00,0.00,0,0
1690488768.196741,eth0,0.00,123.51,123.51,124,0,0.00,1.99,1.99,2,0,0.00,0.00,0,0
1690488768.196746,s3-eth1,0.00,0.00,0.00,0,0,0.00,0.00,0.00,0,0,0.00,0.00,0,0
1690488768.196749,s6-eth2,0.00,0.00,0.00,0,0,0.00,0.00,0.00,0,0,0.00,0.00,0,0
1690488768.196753,s7-eth4,0.00,1324601.62,1324601.62,1329900,0,0.00,926.29,926.29,930,0,0.00,0.00,0,0
1690488768.196757,e1-eth1,0.00,1290318.75,1290318.75,1295480,0,0.00,928.29,928.29,932,0,0.00,0.00,0,0
1690488768.196761,total,6583724.50,6585232.50,13168957.00,6611573,6610059,4681.28,4684.26,9365.54,4703,4700,0.00,0.00,0,0
1690488769.197132,s4-eth1,0.00,1326025.88,1326025.88,1331330,0,0.00,927.29,927.29,931,0,0.00,0.00,0,0
1690488769.197163,s1-eth4,1331330.00,0.00,1331330.00,0,1331330,931.00,0.00,931.00,0,931,0.00,0.00,0,0
1690488769.197169,s7-eth1,1332760.00,0.00,1332760.00,0,1332760,932.00,0.00,932.00,0,932,0.00,0.00,0,0
1690488769.197173,e2-eth2,0.00,1332760.00,1332760.00,1332760,0,0.00,932.00,932.00,932,0,0.00,0.00,0,0
1690488769.197177,s2-eth2,0.00,0.00,0.00,0,0,0.00,0.00,0.00,0,0,0.00,0.00,0,0
1690488769.197181,s3-eth2,0.00,0.00,0.00,0,0,0.00,0.00,0.00,0,0,0.00,0.00,0,0
1690488769.197196,s7-eth5,0.00,0.00,0.00,0,0,0.00,0.00,0.00,0,0,0.00,0.00,0,0
1690488769.197200,e1-eth2,1328470.00,0.00,1328470.00,0,1328470,929.00,0.00,929.00,0,929,0.00,0.00,0,0
1690488769.197204,s1-eth1,0.00,1328470.00,1328470.00,1328470,0,0.00,929.00,929.00,929,0,0.00,0.00,0,0
1690488769.197208,s4-eth2,1328470.00,0.00,1328470.00,0,1328470,929.00,0.00,929.00,0,929,0.00,0.00,0,0
1690488769.197212,s5-eth1,0.00,0.00,0.00,0,0,0.00,0.00,0.00,0,0,0.00,0.00,0,0
1690488769.197216,s1-eth5,0.00,0.00,0.00,0,0,0.00,0.00,0.00,0,0,0.00,0.00,0,0
1690488769.197219,s7-eth2,0.00,0.00,0.00,0,0,0.00,0.00,0.00,0,0,0.00,0.00,0,0
1690488769.197233,s7-eth6,0.00,0.00,0.00,0,0,0.00,0.00,0.00,0,0,0.00,0.00,0,0
1690488769.197250,lo,3519.00,3519.00,7038.00,3519,3519,54.00,54.00,108.00,54,54,0.00,0.00,0,0
1690488769.197256,s1-eth2,0.00,0.00,0.00,0,0,0.00,0.00,0.00,0,0,0.00,0.00,0,0
1690488769.197259,s5-eth2,0.00,0.00,0.00,0,0,0.00,0.00,0.00,0,0,0.00,0.00,0,0
1690488769.197263,s1-eth6,0.00,0.00,0.00,0,0,0.00,0.00,0.00,0,0,0.00,0.00,0,0
1690488769.197266,s7-eth3,0.00,0.00,0.00,0,0,0.00,0.00,0.00,0,0,0.00,0.00,0,0
1690488769.197270,s6-eth1,0.00,0.00,0.00,0,0,0.00,0.00,0.00,0,0,0.00,0.00,0,0
1690488769.197274,s1-eth3,0.00,0.00,0.00,0,0,0.00,0.00,0.00,0,0,0.00,0.00,0,0
1690488769.197277,e2-eth1,1289920.00,0.00,1289920.00,0,1289920,928.00,0.00,928.00,0,928,0.00,0.00,0,0
1690488769.197281,s2-eth1,0.00,0.00,0.00,0,0,0.00,0.00,0.00,0,0,0.00,0.00,0,0
1690488769.197290,eth0,0.00,60.00,60.00,60,0,0.00,1.00,1.00,1,0,0.00,0.00,0,0
1690488769.197302,s3-eth1,0.00,0.00,0.00,0,0,0.00,0.00,0.00,0,0,0.00,0.00,0,0
1690488769.197306,s6-eth2,0.00,0.00,0.00,0,0,0.00,0.00,0.00,0,0,0.00,0.00,0,0
1690488769.197309,s7-eth4,0.00,1328470.00,1328470.00,1328470,0,0.00,929.00,929.00,929,0,0.00,0.00,0,0
1690488769.197314,e1-eth1,0.00,1289920.00,1289920.00,1289920,0,0.00,928.00,928.00,928,0,0.00,0.00,0,0
1690488769.197317,total,6614469.00,6614529.00,13228998.00,6614529,6614469,4703.00,4704.00,9407.00,4704,4703,0.00,0.00,0,0
1690488770.197535,s4-eth1,0.00,1327040.00,1327040.00,1327040,0,0.00,928.00,928.00,928,0,0.00,0.00,0,0
1690488770.197567,s1-eth4,1327040.00,0.00,1327040.00,0,1327040,928.00,0.00,928.00,0,928,0.00,0.00,0,0
1690488770.197572,s7-eth1,1325610.00,0.00,1325610.00,0,1325610,927.00,0.00,927.00,0,927,0.00,0.00,0,0
1690488770.197577,e2-eth2,0.00,1325610.00,1325610.00,1325610,0,0.00,927.00,927.00,927,0,0.00,0.00,0,0
1690488770.197581,s2-eth2,0.00,0.00,0.00,0,0,0.00,0.00,0.00,0,0,0.00,0.00,0,0
1690488770.197585,s3-eth2,0.00,0.00,0.00,0,0,0.00,0.00,0.00,0,0,0.00,0.00,0,0
1690488770.197600,s7-eth5,0.00,0.00,0.00,0,0,0.00,0.00,0.00,0,0,0.00,0.00,0,0
1690488770.197603,e1-eth2,1327040.00,0.00,1327040.00,0,1327040,928.00,0.00,928.00,0,928,0.00,0.00,0,0
1690488770.197683,s1-eth1,0.00,1327040.00,1327040.00,1327040,0,0.00,928.00,928.00,928,0,0.00,0.00,0,0
1690488770.197694,s4-eth2,1327040.00,0.00,1327040.00,0,1327040,928.00,0.00,928.00,0,928,0.00,0.00,0,0
1690488770.197699,s5-eth1,0.00,0.00,0.00,0,0,0.00,0.00,0.00,0,0,0.00,0.00,0,0
1690488770.197703,s1-eth5,0.00,0.00,0.00,0,0,0.00,0.00,0.00,0,0,0.00,0.00,0,0
1690488770.197707,s7-eth2,0.00,0.00,0.00,0,0,0.00,0.00,0.00,0,0,0.00,0.00,0,0
1690488770.197710,s7-eth6,0.00,0.00,0.00,0,0,0.00,0.00,0.00,0,0,0.00,0.00,0,0
1690488770.197729,lo,3519.00,3519.00,7038.00,3519,3519,54.00,54.00,108.00,54,54,0.00,0.00,0,0
1690488770.197734,s1-eth2,0.00,0.00,0.00,0,0,0.00,0.00,0.00,0,0,0.00,0.00,0,0
1690488770.197737,s5-eth2,0.00,0.00,0.00,0,0,0.00,0.00,0.00,0,0,0.00,0.00,0,0
1690488770.197741,s1-eth6,0.00,0.00,0.00,0,0,0.00,0.00,0.00,0,0,0.00,0.00,0,0
1690488770.197745,s7-eth3,0.00,0.00,0.00,0,0,0.00,0.00,0.00,0,0,0.00,0.00,0,0
1690488770.197748,s6-eth1,0.00,0.00,0.00,0,0,0.00,0.00,0.00,0,0,0.00,0.00,0,0
1690488770.197752,s1-eth3,0.00,0.00,0.00,0,0,0.00,0.00,0.00,0,0,0.00,0.00,0,0
1690488770.197756,e2-eth1,1289920.00,0.00,1289920.00,0,1289920,928.00,0.00,928.00,0,928,0.00,0.00,0,0
1690488770.197760,s2-eth1,0.00,0.00,0.00,0,0,0.00,0.00,0.00,0,0,0.00,0.00,0,0
1690488770.197769,eth0,0.00,0.00,0.00,0,0,0.00,0.00,0.00,0,0,0.00,0.00,0,0
1690488770.197773,s3-eth1,0.00,0.00,0.00,0,0,0.00,0.00,0.00,0,0,0.00,0.00,0,0
1690488770.197777,s6-eth2,0.00,0.00,0.00,0,0,0.00,0.00,0.00,0,0,0.00,0.00,0,0
1690488770.197780,s7-eth4,0.00,1327040.00,1327040.00,1327040,0,0.00,928.00,928.00,928,0,0.00,0.00,0,0
1690488770.197845,e1-eth1,0.00,1289920.00,1289920.00,1289920,0,0.00,928.00,928.00,928,0,0.00,0.00,0,0
1690488770.197850,total,6600169.00,6600169.00,13200338.00,6600169,6600169,4693.00,4693.00,9386.00,4693,4693,0.00,0.00,0,0
1690488771.198209,s4-eth1,0.00,1325610.00,1325610.00,1325610,0,0.00,927.00,927.00,927,0,0.00,0.00,0,0
1690488771.198242,s1-eth4,1325610.00,0.00,1325610.00,0,1325610,927.00,0.00,927.00,0,927,0.00,0.00,0,0
1690488771.198248,s7-eth1,1327040.00,0.00,1327040.00,0,1327040,928.00,0.00,928.00,0,928,0.00,0.00,0,0
1690488771.198253,e2-eth2,0.00,1327040.00,1327040.00,1327040,0,0.00,928.00,928.00,928,0,0.00,0.00,0,0
1690488771.198257,s2-eth2,0.00,0.00,0.00,0,0,0.00,0.00,0.00,0,0,0.00,0.00,0,0
1690488771.198261,s3-eth2,0.00,0.00,0.00,0,0,0.00,0.00,0.00,0,0,0.00,0.00,0,0
1690488771.198276,s7-eth5,0.00,0.00,0.00,0,0,0.00,0.00,0.00,0,0,0.00,0.00,0,0
1690488771.198280,e1-eth2,1327040.00,0.00,1327040.00,0,1327040,928.00,0.00,928.00,0,928,0.00,0.00,0,0
1690488771.198284,s1-eth1,0.00,1327040.00,1327040.00,1327040,0,0.00,928.00,928.00,928,0,0.00,0.00,0,0
1690488771.198288,s4-eth2,1325610.00,0.00,1325610.00,0,1325610,927.00,0.00,927.00,0,927,0.00,0.00,0,0
1690488771.198292,s5-eth1,0.00,0.00,0.00,0,0,0.00,0.00,0.00,0,0,0.00,0.00,0,0
1690488771.198309,s1-eth5,0.00,0.00,0.00,0,0,0.00,0.00,0.00,0,0,0.00,0.00,0,0
1690488771.198313,s7-eth2,0.00,0.00,0.00,0,0,0.00,0.00,0.00,0,0,0.00,0.00,0,0
1690488771.198316,s7-eth6,0.00,0.00,0.00,0,0,0.00,0.00,0.00,0,0,0.00,0.00,0,0
1690488771.198333,lo,3519.00,3519.00,7038.00,3519,3519,54.00,54.00,108.00,54,54,0.00,0.00,0,0
1690488771.198338,s1-eth2,0.00,0.00,0.00,0,0,0.00,0.00,0.00,0,0,0.00,0.00,0,0
1690488771.198341,s5-eth2,0.00,0.00,0.00,0,0,0.00,0.00,0.00,0,0,0.00,0.00,0,0
1690488771.198345,s1-eth6,0.00,0.00,0.00,0,0,0.00,0.00,0.00,0,0,0.00,0.00,0,0
1690488771.198349,s7-eth3,0.00,0.00,0.00,0,0,0.00,0.00,0.00,0,0,0.00,0.00,0,0
1690488771.198352,s6-eth1,0.00,0.00,0.00,0,0,0.00,0.00,0.00,0,0,0.00,0.00,0,0
1690488771.198356,s1-eth3,0.00,0.00,0.00,0,0,0.00,0.00,0.00,0,0,0.00,0.00,0,0
1690488771.198362,e2-eth1,1288530.00,0.00,1288530.00,0,1288530,927.00,0.00,927.00,0,927,0.00,0.00,0,0
1690488771.198377,s2-eth1,0.00,0.00,0.00,0,0,0.00,0.00,0.00,0,0,0.00,0.00,0,0
1690488771.198387,eth0,0.00,60.00,60.00,60,0,0.00,1.00,1.00,1,0,0.00,0.00,0,0
1690488771.198392,s3-eth1,0.00,0.00,0.00,0,0,0.00,0.00,0.00,0,0,0.00,0.00,0,0
1690488771.198396,s6-eth2,0.00,0.00,0.00,0,0,0.00,0.00,0.00,0,0,0.00,0.00,0,0
1690488771.198400,s7-eth4,0.00,1325610.00,1325610.00,1325610,0,0.00,927.00,927.00,927,0,0.00,0.00,0,0
1690488771.198405,e1-eth1,0.00,1288530.00,1288530.00,1288530,0,0.00,927.00,927.00,927,0,0.00,0.00,0,0
1690488771.198409,total,6597349.00,6597409.00,13194758.00,6597409,6597349,4691.00,4692.00,9383.00,4692,4691,0.00,0.00,0,0
1690488772.199458,s4-eth1,0.00,1325714.38,1325714.38,1327040,0,0.00,927.07,927.07,928,0,0.00,0.00,0,0
1690488772.199490,s1-eth4,1325714.38,0.00,1325714.38,0,1327040,927.07,0.00,927.07,0,928,0.00,0.00,0,0
1690488772.199496,s7-eth1,1325714.38,0.00,1325714.38,0,1327040,927.07,0.00,927.07,0,928,0.00,0.00,0,0
1690488772.199500,e2-eth2,0.00,1325714.38,1325714.38,1327040,0,0.00,927.07,927.07,928,0,0.00,0.00,0,0
1690488772.199505,s2-eth2,0.00,0.00,0.00,0,0,0.00,0.00,0.00,0,0,0.00,0.00,0,0
1690488772.199509,s3-eth2,0.00,0.00,0.00,0,0,0.00,0.00,0.00,0,0,0.00,0.00,0,0
1690488772.199524,s7-eth5,0.00,0.00,0.00,0,0,0.00,0.00,0.00,0,0,0.00,0.00,0,0
1690488772.199527,e1-eth2,1324285.75,0.00,1324285.75,0,1325610,926.07,0.00,926.07,0,927,0.00,0.00,0,0
1690488772.199531,s1-eth1,0.00,1324285.75,1324285.75,1325610,0,0.00,926.07,926.07,927,0,0.00,0.00,0,0
1690488772.199536,s4-eth2,1325714.38,0.00,1325714.38,0,1327040,927.07,0.00,927.07,0,928,0.00,0.00,0,0
1690488772.199540,s5-eth1,0.00,0.00,0.00,0,0,0.00,0.00,0.00,0,0,0.00,0.00,0,0
1690488772.199543,s1-eth5,0.00,0.00,0.00,0,0,0.00,0.00,0.00,0,0,0.00,0.00,0,0
1690488772.199547,s7-eth2,0.00,0.00,0.00,0,0,0.00,0.00,0.00,0,0,0.00,0.00,0,0
1690488772.199551,s7-eth6,0.00,0.00,0.00,0,0,0.00,0.00,0.00,0,0,0.00,0.00,0,0
1690488772.199568,lo,3515.48,3515.48,7030.97,3519,3519,53.95,53.95,107.89,54,54,0.00,0.00,0,0
1690488772.199573,s1-eth2,0.00,0.00,0.00,0,0,0.00,0.00,0.00,0,0,0.00,0.00,0,0
1690488772.199577,s5-eth2,0.00,0.00,0.00,0,0,0.00,0.00,0.00,0,0,0.00,0.00,0,0
1690488772.199580,s1-eth6,0.00,0.00,0.00,0,0,0.00,0.00,0.00,0,0,0.00,0.00,0,0
1690488772.199584,s7-eth3,0.00,0.00,0.00,0,0,0.00,0.00,0.00,0,0,0.00,0.00,0,0
1690488772.199588,s6-eth1,0.00,0.00,0.00,0,0,0.00,0.00,0.00,0,0,0.00,0.00,0,0
1690488772.199591,s1-eth3,0.00,0.00,0.00,0,0,0.00,0.00,0.00,0,0,0.00,0.00,0,0
1690488772.199595,e2-eth1,1290020.00,0.00,1290020.00,0,1291310,928.07,0.00,928.07,0,929,0.00,0.00,0,0
1690488772.199599,s2-eth1,0.00,0.00,0.00,0,0,0.00,0.00,0.00,0,0,0.00,0.00,0,0
1690488772.199609,eth0,0.00,59.94,59.94,60,0,0.00,1.00,1.00,1,0,0.00,0.00,0,0
1690488772.199613,s3-eth1,0.00,0.00,0.00,0,0,0.00,0.00,0.00,0,0,0.00,0.00,0,0
1690488772.199617,s6-eth2,0.00,0.00,0.00,0,0,0.00,0.00,0.00,0,0,0.00,0.00,0,0
1690488772.199620,s7-eth4,0.00,1325714.38,1325714.38,1327040,0,0.00,927.07,927.07,928,0,0.00,0.00,0,0
1690488772.199625,e1-eth1,0.00,1287242.75,1287242.75,1288530,0,0.00,926.07,926.07,927,0,0.00,0.00,0,0
1690488772.199628,total,6594964.00,6592247.00,13187211.00,6598839,6601559,4689.31,4688.31,9377.62,4693,4694,0.00,0.00,0,0
Start Time: 2023-07-27 20:12:19
End Time: 2023-07-27 20:12:52
